bbl,zoningdistrict1edm,zoningdistrict1,zoningdistrict2,zoningdistrict3,zoningdistrict4,count
3045850222,R3-2,PARK,,,,1
5074540001,R3-2,PARK,,,,1
4080740051,R1-2,PARK,,,,1
1013530001,PLAYGROUND,PARK,,,,1
2055240119,C3A,PARK,,,,1
1017890014,C4-4D,PARK,,,,1
5018650038,M2-1,PARK,,,,1
2025500031,R6,PARK,,,,1
1017890015,C4-4D,PARK,,,,1
4000320042,PLAYGROUND,PARK,,,,1
4139230114,R3-2,PARK,,,,1
4138660025,M1-1,PARK,,,,1
2034300200,R3A,PARK,,,,1
3082730300,R5,PARK,,,,1
2028680005,R7-1,PARK,,,,1
4139330064,R4,PARK,,,,1
2034290150,R3A,PARK,,,,1
4155740080,R5,PARK,,,,1
3085910100,C3,PARK,,,,1
5048030026,R3X,PARK,,,,1
2027200020,R7-1,PARK,,,,1
4039880101,R3-2,PARK,,,,1
5053130059,R3-1,PARK,,,,1
1018110132,R7-2,PARK,,,,1
5047870045,R3X,PARK,,,,1
1004420001,R8B,PARK,,,,1
5001850049,M3-1,PARK,,,,1
4039930020,R3-2,PARK,,,,1
2055210192,C3A,PARK,,,,1
4044220108,R1-2,PARK,,,,1
3082730077,R5,PARK,,,,1
4081600130,R3-1,PARK,,,,1
4005080027,PUBLIC PLACE,PARK,,,,1
3020050075,R7-2,PARK,,,,1
5047880200,R3X,PARK,,,,1
3021670001,R7X,PARK,,,,1
3082350018,R5,PARK,,,,1
4081930100,R1-2,PARK,,,,1
1017360015,PLAYGROUND,PARK,,,,1
4113820053,R4,PARK,,,,1
2057530151,R1-1,PARK,,,,1
4039070990,R5,PARK,,,,1
1008260042,C5-2,PARK,,,,1
2033430400,PLAYGROUND,PARK,,,,1
3085910075,M1-1,PARK,,,,1
4139240233,R3-2,PARK,,,,1
2033990044,R6,PARK,,,,1
2056330045,R3A,PARK,,,,1
4007630024,PLAYGROUND,PARK,,,,1
3045850171,R3-2,PARK,,,,1
3020050010,R7-2,PARK,,,,1
4039890001,R3-2,PARK,,,,1
5053080013,R3-1,PARK,,,,1
2022800051,R6,PARK,,,,1
2025410022,R7-1,PARK,,,,1
4138640076,R3-2,PARK,,,,1
1019830021,R7-2,PARK,,,,1
4080990200,R1-2,PARK,,,,1
2038350100,M3-1,PARK,,,,1
1017410001,PLAYGROUND,PARK,,,,1
5047880011,R3X,PARK,,,,1
5080050001,R3X,PARK,,,,1
2025330111,R7-1,PARK,,,,1
4160560035,R4-1,PARK,,,,1
4139310020,R3-2,PARK,,,,1
4139250290,R3-2,PARK,,,,1
1015870001,M1-4,PARK,,,,1
2044110134,R3-2,PARK,,,,1
3031430017,M3-1,PARK,,,,1
3020050006,R7-2,PARK,,,,1
5017170225,M2-1,PARK,,,,1
5041600327,R3X,PARK,,,,1
3045850236,R3-2,PARK,,,,1
3045850243,R3-2,PARK,,,,1
5023590400,C8-1,PARK,,,,1
5073700022,R3-2,PARK,,,,1
2054140300,R3-1,PARK,,,,1
4034150015,PLAYGROUND,PARK,,,,1
5041600321,R3X,PARK,,,,1
3058260051,R4-1,PARK,,,,1
5041600318,R3X,PARK,,,,1
4160190026,R4-1,PARK,,,,1
4138420028,R3-2,PARK,,,,1
4160560033,R4-1,PARK,,,,1
5053150110,R3-1,PARK,,,,1
2055210130,C3A,PARK,,,,1
4039880060,R3-2,PARK,,,,1
1015360025,C2-8,PARK,,,,1
2034290002,R3A,PARK,,,,1
1002450028,PLAYGROUND,PARK,,,,1
1017710050,R7D,PARK,,,,1
4081620276,R1-2,PARK,,,,1
4022810075,C4-4A,PARK,,,,1
5048030025,R3X,PARK,,,,1
5017170001,M2-1,PARK,,,,1
2028660060,R7-1,PARK,,,,1
4139250240,R3-2,PARK,,,,1
5017170040,M2-1,PARK,,,,1
4160000200,R4-1,PARK,,,,1
1001580017,C6-4,PARK,,,,1
4005180035,R6B,PARK,,,,1
4114550047,R4,PARK,,,,1
1017710048,R7-2,PARK,,,,1
4114550016,R4,PARK,,,,1
2030770007,PLAYGROUND,PARK,,,,1
4114560036,R4,PARK,,,,1
1011710013,R10,PARK,,,,1
4139250293,R3-2,PARK,,,,1
2033600250,R6,PARK,,,,1
4005010112,R6,PARK,,,,1
4160570001,R4-1,PARK,,,,1
1018110127,M1-1,PARK,,,,1
2059150270,R1-1,PARK,,,,1
4118480001,R3-2,PARK,,,,1
4028050031,M3-1,PARK,,,,1
5048030022,R3X,PARK,,,,1
4003130101,R5,PARK,,,,1
3031430011,M3-1,PARK,,,,1
2034520023,R3A,PARK,,,,1
4160570038,R4-1,PARK,,,,1
4159500001,C4-4,PARK,,,,1
5041600001,R3X,PARK,,,,1
3058180004,R7A,PARK,,,,1
4114550011,R4,PARK,,,,1
4005080008,PUBLIC PLACE,PARK,,,,1
5053190167,R3-1,PARK,,,,1
3003410053,M1-1,PARK,,,,1
3064620100,PLAYGROUND,PARK,,,,1
5053190154,R3-1,PARK,,,,1
4022090095,R3-2,PARK,,,,1
4039890020,R3-2,PARK,,,,1
4114550031,R4,PARK,,,,1
4139340060,R4,PARK,,,,1
1001420030,C6-4,PARK,,,,1
2027460025,R7-1,PARK,,,,1
4139230125,R3-2,PARK,,,,1
2029170050,M1-4/R7A,PARK,,,,1
4139230107,R3-2,PARK,,,,1
3033240040,R7-2,PARK,,,,1
3082350190,R5,PARK,,,,1
1003310095,PLAYGROUND,PARK,,,,1
3033160019,R6,PARK,,,,1
4139320089,R3-2,PARK,,,,1
5053200109,R3-1,PARK,,,,1
4156030100,R4A,PARK,,,,1
4160570051,R4-1,PARK,,,,1
4139250255,R3-2,PARK,,,,1
4156030125,R4A,PARK,,,,1
4139330060,R4,PARK,,,,1
1020070052,R7-2,PARK,,,,1
4138440023,R3-2,PARK,,,,1
4138660018,M1-1,PARK,,,,1
2028800250,R7-1,PARK,,,,1
4039930001,R3-2,PARK,,,,1
4039890025,R3-2,PARK,,,,1
4005010016,R6,PARK,,,,1
4114550037,R4,PARK,,,,1
5077730089,R3X,PARK,,,,1
3045730005,R4,PARK,,,,1
2030630100,R7-1,PARK,,,,1
2026080058,R6,PARK,,,,1
2034400010,R3A,PARK,,,,1
4138450061,R3-2,PARK,,,,1
2030020033,R7-1,PARK,,,,1
2028800001,R7-1,PARK,,,,1
4039880083,R3-2,PARK,,,,1
3031470001,M3-1,PARK,,,,1
4160590001,R4-1,PARK,,,,1
3085900900,R4,PARK,,,,1
5080050118,R1-2,PARK,,,,1
3083290235,R5,PARK,,,,1
2026520001,R6,PARK,,,,1
1002500043,PLAYGROUND,PARK,,,,1
3031430050,M3-1,PARK,,,,1
3024720075,R6,PARK,,,,1
4138460031,R3-2,PARK,,,,1
4156020008,R3X,PARK,,,,1
2031690026,R8,PARK,,,,1
5018150625,M3-1,PARK,,,,1
3082730050,R4-1,PARK,,,,1
5001850045,M3-1,PARK,,,,1
2022850042,R6,PARK,,,,1
2026080054,R6,PARK,,,,1
5017600090,M3-1,PARK,,,,1
4138640041,R3-2,PARK,,,,1
4160540001,R4-1,PARK,,,,1
2032130048,R6,PARK,,,,1
2051410440,R6,PARK,,,,1
3033160032,R6,PARK,,,,1
2028790257,R5,PARK,,,,1
3082730026,R4-1,PARK,,,,1
2032100001,R7-1,PARK,,,,1
1002540001,PLAYGROUND,PARK,,,,1
2027630001,R6,PARK,,,,1
4156040150,R4A,PARK,,,,1
2059370440,R1-1,PARK,,,,1
5017170049,M2-1,PARK,,,,1
4139270050,R3-2,PARK,,,,1
2042260150,PLAYGROUND,PARK,,,,1
5077730105,R3X,PARK,,,,1
3045850247,R3-2,PARK,,,,1
3020050071,R7-2,PARK,,,,1
5078570060,R3A,PARK,,,,1
4042770001,M2-1,PARK,,,,1
4114560040,R4,PARK,,,,1
4160560027,R4-1,PARK,,,,1
4004990051,R6,PARK,,,,1
3003410062,M1-1,PARK,,,,1
4139280005,R3-2,PARK,,,,1
2034780095,R3-2,PARK,,,,1
3009810050,R6B,PARK,,,,1
1017280033,PLAYGROUND,PARK,,,,1
4088920105,R3A,PARK,,,,1
2022800032,R6,PARK,,,,1
5041600029,R3X,PARK,,,,1
5077220050,R3X,PARK,,,,1
4114560066,R4,PARK,,,,1
4017870001,R3-2,PARK,,,,1
3020050003,R7-2,PARK,,,,1
4039900075,R3-2,PARK,,,,1
2032120001,R7-1,PARK,,,,1
2028300062,R7-1,PARK,,,,1
3058060001,R4-1,PARK,,,,1
3045850224,R3-2,PARK,,,,1
5079660075,R1-2,PARK,,,,1
2025500033,R6,PARK,,,,1
4138480027,R3-2,PARK,,,,1
4114560050,R4,PARK,,,,1
3033160022,R6,PARK,,,,1
4005010160,R6,PARK,,,,1
2027200017,R7-1,PARK,,,,1
4042350001,M2-1,PARK,,,,1
5041600334,R3X,PARK,,,,1
4160560042,R4-1,PARK,,,,1
4139240250,R3-2,PARK,,,,1
5053140007,R3-1,PARK,,,,1
4139270001,R3-2,PARK,,,,1
2032690070,R6,PARK,,,,1
2022850051,R6,PARK,,,,1
1021500001,C3,PARK,,,,1
5080030077,R3A,PARK,,,,1
3031430020,M3-1,PARK,,,,1
2028530050,R8,PARK,,,,1
1021010115,M1-1,PARK,,,,1
4138660063,R3-2,PARK,,,,1
3004190001,PLAYGROUND,PARK,,,,1
4138440037,R3-2,PARK,,,,1
5017170059,M2-1,PARK,,,,1
2025220117,R7-1,PARK,,,,1
1011620057,R8B,PARK,,,,1
2025230160,R7-1,PARK,,,,1
4138440021,R3-2,PARK,,,,1
3020050013,R7-2,PARK,,,,1
4160100001,R4-1,PARK,,,,1
5053140049,R3-1,PARK,,,,1
3001990100,M2-1,PARK,,,,1
2034780080,R3-2,PARK,,,,1
4156030376,R4A,PARK,,,,1
2027460027,R7-1,PARK,,,,1
2027430045,R7-1,PARK,,,,1
5027760092,M1-1,PARK,,,,1
1013720010,R10,PARK,,,,1
3082730377,R5,PARK,,,,1
2027900022,R8,PARK,,,,1
4159540025,R4,PARK,,,,1
4115880080,R3-2,PARK,,,,1
5041600059,R3X,PARK,,,,1
4156880091,R2,PARK,,,,1
5077440115,R3X,PARK,,,,1
2025410123,M1-1,PARK,,,,1
3031470029,M3-1,PARK,,,,1
4160560040,R4-1,PARK,,,,1
4077480300,R5,PARK,,,,1
2053800045,M1-1,PARK,,,,1
4156880073,R2,PARK,,,,1
4139230101,R3-2,PARK,,,,1
2026080043,M1-1/R7-2,PARK,,,,1
5018250125,M3-1,PARK,,,,1
4081140103,R1-2,PARK,,,,1
4039910001,R3-2,PARK,,,,1
4139310034,R3-2,PARK,,,,1
1005260001,R7-2,PARK,,,,1
1020660001,PLAYGROUND,PARK,,,,1
2030310009,R7-1,PARK,,,,1
2031100032,R7-1,PARK,,,,1
4028190252,R4,PARK,,,,1
4114240001,R4,PARK,,,,1
3033650111,R6,PARK,,,,1
3045850127,R3-2,PARK,,,,1
2030380073,R6A,PARK,,,,1
4005080029,PUBLIC PLACE,PARK,,,,1
2045070023,PLAYGROUND,PARK,,,,1
5027670009,R3A,PARK,,,,1
3082730132,R5,PARK,,,,1
4118740048,R3-2,PARK,,,,1
2034510001,R3A,PARK,,,,1
4114560035,R4,PARK,,,,1
5017170084,M2-1,PARK,,,,1
5027760150,M1-1,PARK,,,,1
4139250299,R3-2,PARK,,,,1
5077570008,R3X,PARK,,,,1
4113890001,R4,PARK,,,,1
5053170106,R3-1,PARK,,,,1
4077610053,R2A,PARK,,,,1
4139250294,R3-2,PARK,,,,1
4156860064,R2,PARK,,,,1
4039920038,R3-2,PARK,,,,1
4118350001,R3X,PARK,,,,1
5080050119,R1-2,PARK,,,,1
2025190027,R7-1,PARK,,,,1
5053080035,R3-1,PARK,,,,1
2050640020,R6,PARK,,,,1
5017800069,M3-1,PARK,,,,1
1021340400,R8,PARK,,,,1
4138460100,R3-2,PARK,,,,1
3001730005,C6-1,PARK,,,,1
2034290007,R3A,PARK,,,,1
2028160032,R7-1,PARK,,,,1
5054090132,R1-2,PARK,,,,1
4138100006,R3-2,PARK,,,,1
4139250245,R3-2,PARK,,,,1
4139340096,R4,PARK,,,,1
4073170027,R3-1,PARK,,,,1
5041600328,R3X,PARK,,,,1
4039940001,R3-2,PARK,,,,1
3033160018,R6,PARK,,,,1
3082350270,R5,PARK,,,,1
5044630001,R3-2,PARK,,,,1
2030380075,R6A,PARK,,,,1
4139320070,R3-2,PARK,,,,1
5000680060,R3-2,PARK,,,,1
2049390055,R4,PARK,,,,1
3082350189,R5,PARK,,,,1
2033590100,R6,PARK,,,,1
4160590050,R4-1,PARK,,,,1
5053130001,R3-1,PARK,,,,1
3082350243,R5,PARK,,,,1
4160560049,R4-1,PARK,,,,1
5018150425,M3-1,PARK,,,,1
4138450100,R3-2,PARK,,,,1
2031100027,R7-1,PARK,,,,1
3082730250,R5,PARK,,,,1
4138640070,R3-2,PARK,,,,1
4113610065,R4,PARK,,,,1
5053090001,R3-1,PARK,,,,1
5034270200,R3X,PARK,,,,1
5053080036,R3-1,PARK,,,,1
3006250001,M2-1,PARK,,,,1
5041600041,R3X,PARK,,,,1
4044220138,R1-2,PARK,,,,1
1017710024,R7-2,PARK,,,,1
3082350020,R5,PARK,,,,1
3020050009,R7-2,PARK,,,,1
4084010150,R3-2,PARK,,,,1
5048030017,R3X,PARK,,,,1
2027710099,M3-1,PARK,,,,1
4080740040,R1-2,PARK,,,,1
2027200013,R7-1,PARK,,,,1
3003830001,R6A,PARK,,,,1
2030630001,R7-1,PARK,,,,1
5048030104,R3X,PARK,,,,1
4160210010,R4-1,PARK,,,,1
4081620438,R3-1,PARK,,,,1
5017900100,M2-1,PARK,,,,1
4159520025,R4,PARK,,,,1
5018010170,M3-1,PARK,,,,1
4062700033,R2A,PARK,,,,1
4160560020,R4-1,PARK,,,,1
1006270025,PLAYGROUND,PARK,,,,1
2029980156,C4-2,PARK,,,,1
3045840001,R3-2,PARK,,,,1
3082350265,R5,PARK,,,,1
2031690020,R8,PARK,,,,1
2037690001,M1-1,PARK,,,,1
3045720001,R4,PARK,,,,1
2055210068,C3A,PARK,,,,1
4081620437,R2A,PARK,,,,1
4023640031,R4,PARK,,,,1
4123190001,R3-2,PARK,,,,1
1017570169,PLAYGROUND,PARK,,,,1
2032460001,R6,PARK,,,,1
4138460036,R3-2,PARK,,,,1
3018960030,PLAYGROUND,PARK,,,,1
5053140001,R3-1,PARK,,,,1
2034520003,R3A,PARK,,,,1
3045850035,R3-2,PARK,,,,1
5018250150,M3-1,PARK,,,,1
4138450059,R3-2,PARK,,,,1
3031430022,M3-1,PARK,,,,1
5001850043,M3-1,PARK,,,,1
4004650400,M1-4,PARK,,,,1
2034810051,C3,PARK,,,,1
4094370060,R5,PARK,,,,1
4019390021,R6,PARK,,,,1
3045850235,R3-2,PARK,,,,1
3051100067,R6,PARK,,,,1
2031410017,R7-1,PARK,,,,1
2025220115,R7-1,PARK,,,,1
5041600325,R3X,PARK,,,,1
3082730105,R5,PARK,,,,1
2025200019,R7-1,PARK,,,,1
4160570046,R4-1,PARK,,,,1
2028160018,R7-1,PARK,,,,1
5047870026,R3X,PARK,,,,1
4028850164,R6B,PARK,,,,1
3058250051,R4-1,PARK,,,,1
2030380072,R6A,PARK,,,,1
4138480038,R3-2,PARK,,,,1
5048030024,R3X,PARK,,,,1
4138440022,R3-2,PARK,,,,1
2028300072,R7-1,PARK,,,,1
2039290050,R6,PARK,,,,1
2027590001,M1-2,PARK,,,,1
2025500032,R6,PARK,,,,1
5035000060,R3X,PARK,,,,1
3030250070,PLAYGROUND,PARK,,,,1
2031510001,PLAYGROUND,PARK,,,,1
2027270036,R7-1,PARK,,,,1
4058630253,R5,PARK,,,,1
4156750085,R2,PARK,,,,1
4073040042,R3-1,PARK,,,,1
2033250025,R7D,PARK,,,,1
4138450069,R3-2,PARK,,,,1
3045850228,R3-2,PARK,,,,1
1018110060,R7-2,PARK,,,,1
2027590187,M1-1,PARK,,,,1
5041600070,R3X,PARK,,,,1
2028160041,R7-1,PARK,,,,1
4033122000,R3-2,PARK,,,,1
4077480301,R2A,PARK,,,,1
5053130006,R3-1,PARK,,,,1
1020160101,R7-2,PARK,,,,1
3005950052,M2-1,PARK,,,,1
2026700001,R6,PARK,,,,1
4042370001,M2-1,PARK,,,,1
5001850127,M3-1,PARK,,,,1
5073700001,R3-2,PARK,,,,1
3082350261,R5,PARK,,,,1
4160610012,R4-1,PARK,,,,1
2023540020,M1-2,PARK,,,,1
4041680018,PLAYGROUND,PARK,,,,1
2031100028,R7-1,PARK,,,,1
4160560015,R4-1,PARK,,,,1
4081600200,R3-1,PARK,,,,1
2026250019,R6,PARK,,,,1
2034810050,C3,PARK,,,,1
3070710100,R7D,PARK,,,,1
5048030112,R3X,PARK,,,,1
4138460001,R3-2,PARK,,,,1
5063720064,R1-2,PARK,,,,1
3085900800,M1-1,PARK,,,,1
1010340005,PLAYGROUND,PARK,,,,1
3045850069,R3-2,PARK,,,,1
5018150204,M3-1,PARK,,,,1
4139230166,R3-2,PARK,,,,1
3058320001,M2-1,PARK,,,,1
2027200019,R7-1,PARK,,,,1
5028300150,M3-1,PARK,,,,1
1001420003,C6-4,PARK,,,,1
4138440048,R3-2,PARK,,,,1
2033600001,R6,PARK,,,,1
4010340025,R4,PARK,,,,1
3031470021,M3-1,PARK,,,,1
3003410063,M1-1,PARK,,,,1
2031100033,R7-1,PARK,,,,1
3045730001,R4,PARK,,,,1
2028910025,R7-1,PARK,,,,1
4057750100,R3-2,PARK,,,,1
2034810070,C3,PARK,,,,1
3033160044,R6,PARK,,,,1
2056540004,R3-2,PARK,,,,1
2032100007,R7-1,PARK,,,,1
3045850001,R3-2,PARK,,,,1
3045850092,R3-2,PARK,,,,1
4114560048,R4,PARK,,,,1
3082350225,R5,PARK,,,,1
2034810013,C3,PARK,,,,1
2027430035,C4-4,PARK,,,,1
2027650246,R6,PARK,,,,1
2034520063,R3A,PARK,,,,1
2028160013,R7-1,PARK,,,,1
4098960008,PLAYGROUND,PARK,,,,1
4156900096,R2,PARK,,,,1
5053190105,R3-1,PARK,,,,1
5017800001,M3-1,PARK,,,,1
4139260011,R3-2,PARK,,,,1
4078400010,R3-2,PARK,,,,1
5064420026,R3X,PARK,,,,1
4022802000,R3-2,PARK,,,,1
5053090015,R3-1,PARK,,,,1
3058350030,M2-1,PARK,,,,1
4013580001,PLAYGROUND,PARK,,,,1
3045850173,R3-2,PARK,,,,1
4039920001,R3-2,PARK,,,,1
3003410061,M1-1,PARK,,,,1
4138440042,R3-2,PARK,,,,1
2028300057,R7-1,PARK,,,,1
4040490019,R4-1,PARK,,,,1
4114550080,R4,PARK,,,,1
2031100030,R7-1,PARK,,,,1
5041600045,R3-1,PARK,,,,1
3045850239,R3-2,PARK,,,,1
3082730117,R5,PARK,,,,1
3045720010,R4,PARK,,,,1
2031100001,R7-1,PARK,,,,1
5028300155,M3-1,PARK,,,,1
4080760001,R1-2,PARK,,,,1
2034300100,R3A,PARK,,,,1
1004280001,R7A,PARK,,,,1
2031940027,R7-1,PARK,,,,1
5053080033,R3-1,PARK,,,,1
4014290001,R4,PARK,,,,1
2055210170,C3A,PARK,,,,1
3021630001,R7X,PARK,,,,1
2027200022,R7-1,PARK,,,,1
5078260280,R1-2,PARK,,,,1
4138440019,R3-2,PARK,,,,1
4001830289,PLAYGROUND,PARK,,,,1
4138450068,R3-2,PARK,,,,1
4010550054,R4,PARK,,,,1
4039940021,R3-2,PARK,,,,1
3058300024,PLAYGROUND,PARK,,,,1
2056540001,R3-2,PARK,,,,1
5048030028,R3X,PARK,,,,1
1022500032,R7-2,PARK,,,,1
3022350024,PLAYGROUND,PARK,,,,1
4138170014,R3-2,PARK,,,,1
1005190049,R7-2,PARK,,,,1
5053160100,R3-1,PARK,,,,1
2026050020,C8-2,PARK,,,,1
4160540003,R4-1,PARK,,,,1
4139260025,R3-2,PARK,,,,1
4114080025,R4-1,PARK,,,,1
1002540020,R7-2,PARK,,,,1
1018110209,M1-1,PARK,,,,1
3020050015,R7-2,PARK,,,,1
3033160021,R6,PARK,,,,1
5018010135,M3-1,PARK,,,,1
2025390181,R7-1,PARK,,,,1
4159530025,R4,PARK,,,,1
2034810004,R3-2,PARK,,,,1
4114240015,R4,PARK,,,,1
2029830012,R7-1,PARK,,,,1
1021490002,R7-2,PARK,,,,1
4039140001,R4,PARK,,,,1
3082350284,R5,PARK,,,,1
5000020599,M1-1,PARK,,,,1
2050640050,R6,PARK,,,,1
3020050016,R7-2,PARK,,,,1
2055240224,C3A,PARK,,,,1
3082730197,R5,PARK,,,,1
2040030060,M1-1,PARK,,,,1
2032110001,R7-1,PARK,,,,1
3016920001,R6B,PARK,,,,1
3071130001,PLAYGROUND,PARK,,,,1
3045850193,R3-2,PARK,,,,1
4081620436,R2A,PARK,,,,1
4139320060,R3-2,PARK,,,,1
4013200064,R6,PARK,,,,1
1017890011,C4-4D,PARK,,,,1
5053180100,R3-1,PARK,,,,1
2031790035,R8,PARK,,,,1
2050640040,R6,PARK,,,,1
5077570006,R3X,PARK,,,,1
1016280044,R7A,PARK,,,,1
3031430023,M3-1,PARK,,,,1
3020050008,R7-2,PARK,,,,1
3033160031,R6,PARK,,,,1
4000320039,PLAYGROUND,PARK,,,,1
3016890001,R6B,PARK,,,,1
4156040286,R4A,PARK,,,,1
4039880065,R3-2,PARK,,,,1
2025500035,R6,PARK,,,,1
4160560019,R4-1,PARK,,,,1
3045850206,R3-2,PARK,,,,1
3023660004,PUBLIC PLACE,PARK,,,,1
3082730111,R5,PARK,,,,1
5001850135,M3-1,PARK,,,,1
4080720025,R1-2,PARK,,,,1
3021110015,C6-1,PARK,,,,1
3025560041,R6,PARK,,,,1
2040030001,M1-1,PARK,,,,1
4044220136,R1-2,PARK,,,,1
4160560023,R4-1,PARK,,,,1
4138660028,R3-2,PARK,,,,1
4156010056,R3X,PARK,,,,1
2029170049,M1-4/R7A,PARK,,,,1
2029170048,M1-4/R7A,PARK,,,,1
5074540003,R3-2,PARK,,,,1
2034400200,R3A,PARK,,,,1
4138440009,R3-2,PARK,,,,1
4138480008,R3-2,PARK,,,,1
4041540250,PLAYGROUND,PARK,,,,1
5027900201,M1-1,PARK,,,,1
4039071125,R3-2,PARK,,,,1
4118310001,C8-1,PARK,,,,1
2030380059,R6A,PARK,,,,1
4060480027,BALL FIELD,PARK,,,,1
5048030027,R3X,PARK,,,,1
5018010050,M3-1,PARK,,,,1
5053210110,R3-1,PARK,,,,1
4114560032,R4,PARK,,,,1
5053150125,R3-1,PARK,,,,1
5047870037,R3X,PARK,,,,1
2034400205,R3A,PARK,,,,1
4156040149,R4A,PARK,,,,1
2030310010,R7-1,PARK,,,,1
1021070001,R7-2,PARK,,,,1
4019320031,R6,PARK,,,,1
1016960100,PLAYGROUND,PARK,,,,1
2028530043,R8,PARK,,,,1
2022800052,R6,PARK,,,,1
4156040285,R4A,PARK,,,,1
1020050008,M1-2,PARK,,,,1
2027200009,R7-1,PARK,,,,1
2053540001,PLAYGROUND,PARK,,,,1
1012200049,R7-2,PARK,,,,1
1020050027,M1-1,PARK,,,,1
2026850030,R7-1,PARK,,,,1
3020050079,R7-2,PARK,,,,1
2025390191,M2-1,PARK,,,,1
4156030377,R4A,PARK,,,,1
1021390135,R8,PARK,,,,1
5018250210,M3-1,PARK,,,,1
4080720050,R1-2,PARK,,,,1
3020050005,R7-2,PARK,,,,1
4082030225,R2A,PARK,,,,1
2034400012,R3A,PARK,,,,1
5053140005,R3-1,PARK,,,,1
5064210025,R3X,PARK,,,,1
2031100007,R7-1,PARK,,,,1
2034630032,R3-2,PARK,,,,1
4139330084,R4,PARK,,,,1
4131970001,R3-2,PARK,,,,1
4113960130,R4,PARK,,,,1
5053080024,R3-1,PARK,,,,1
4121170001,R3-2,PARK,,,,1
3022720013,R7A,PARK,,,,1
1017360021,R7-2,PARK,,,,1
5017800300,M2-1,PARK,,,,1
2034300075,R3-2,PARK,,,,1
5080050178,R1-2,PARK,,,,1
5053080041,R3-1,PARK,,,,1
4138480001,R3-2,PARK,,,,1
1017890012,C4-4D,PARK,,,,1
2032720003,R6,PARK,,,,1
4139270011,R3-2,PARK,,,,1
4004650375,M1-4,PARK,,,,1
4159900200,R4-1,PARK,,,,1
3082730097,R5,PARK,,,,1
4160560001,R4-1,PARK,,,,1
5041600031,R3X,PARK,,,,1
2031940050,R7-1,PARK,,,,1
4114550057,R4,PARK,,,,1
4160610048,R4-1,PARK,,,,1
2051010080,R6,PARK,,,,1
2034400015,R3A,PARK,,,,1
1009900090,M3-2,PARK,,,,1
5027900180,M1-1,PARK,,,,1
5064420014,R3X,PARK,,,,1
5012010001,M3-1,PARK,,,,1
4041540100,PLAYGROUND,PARK,,,,1
2055210091,R3-1,PARK,,,,1
4139270035,R3-2,PARK,,,,1
4080740001,R1-2,PARK,,,,1
3045720016,R4,PARK,,,,1
4114560057,R4,PARK,,,,1
4004650425,M1-4,PARK,,,,1
2032570111,R4A,PARK,,,,1
3085911500,M1-1,PARK,,,,1
5017170175,M2-1,PARK,,,,1
1017710025,R7-2,PARK,,,,1
2028530048,R8,PARK,,,,1
2027900027,R8,PARK,,,,1
5078570200,R3A,PARK,,,,1
1003560090,R7-2,PARK,,,,1
2026080040,M1-1/R7-2,PARK,,,,1
3020050073,R7-2,PARK,,,,1
4139340080,R4,PARK,,,,1
5053140030,R3-1,PARK,,,,1
5017800210,M2-1,PARK,,,,1
3033160020,R6,PARK,,,,1
5001850048,M3-1,PARK,,,,1
2055290001,R3-1,PARK,,,,1
5041600329,R3X,PARK,,,,1
4081620455,R2A,PARK,,,,1
4139310043,R3-2,PARK,,,,1
5048030106,R3X,PARK,,,,1
4160560009,R4-1,PARK,,,,1
3017060001,R5B,PARK,,,,1
2034590026,R3A,PARK,,,,1
5054090001,R1-2,PARK,,,,1
2033990003,R6,PARK,,,,1
4160220001,R4-1,PARK,,,,1
4084010001,R3-2,PARK,,,,1
1021570045,R7-2,PARK,,,,1
5078260300,R1-2,PARK,,,,1
4160540017,R4-1,PARK,,,,1
2034420065,R3A,PARK,,,,1
4080750001,R1-2,PARK,,,,1
3033160025,R6,PARK,,,,1
1002540051,PLAYGROUND,PARK,,,,1
3020050004,R7-2,PARK,,,,1
4138460110,R3-2,PARK,,,,1
4160570026,R4-1,PARK,,,,1
4042360001,M2-1,PARK,,,,1
5048050400,R3X,PARK,,,,1
5078260268,R1-2,PARK,,,,1
4156030001,R4A,PARK,,,,1
4118310031,C8-1,PARK,,,,1
2023640025,PLAYGROUND,PARK,,,,1
4139310024,R3-2,PARK,,,,1
4138120050,R3-2,PARK,,,,1
5041300200,R3X,PARK,,,,1
3045850156,R3-2,PARK,,,,1
4081140116,R1-2,PARK,,,,1
2023720020,R7-1,PARK,,,,1
5077730076,R3X,PARK,,,,1
5041600034,R3X,PARK,,,,1
5047870020,R3X,PARK,,,,1
2028300052,R7-1,PARK,,,,1
2029170009,M1-4/R7A,PARK,,,,1
4160560025,R4-1,PARK,,,,1
4160540100,R4-1,PARK,,,,1
3045720032,R4,PARK,,,,1
4160570045,R4-1,PARK,,,,1
3082730091,R5,PARK,,,,1
5041600010,R3X,PARK,,,,1
4081030073,R1-2,PARK,,,,1
5047880290,R3X,PARK,,,,1
3082350255,R5,PARK,,,,1
3045850096,R3-2,PARK,,,,1
4160570040,R4-1,PARK,,,,1
1019600069,R7-2,PARK,,,,1
2028160022,R7-1,PARK,,,,1
2028780300,R7-1,PARK,,,,1
3001850044,R6A,PARK,,,,1
3020050074,R7-2,PARK,,,,1
3064070047,R5,PARK,,,,1
2025390175,M2-1,PARK,,,,1
4014870037,R6B,PARK,,,,1
5017170076,M2-1,PARK,,,,1
2033570300,R6,PARK,,,,1
5077570001,R3X,PARK,,,,1
1002840001,PLAYGROUND,PARK,,,,1
5017170050,M2-1,PARK,,,,1
2026210056,PLAYGROUND,PARK,,,,1
4033340071,PLAYGROUND,PARK,,,,1
2026080048,R6,PARK,,,,1
2025190032,R7-1,PARK,,,,1
2026080038,M1-1/R7-2,PARK,,,,1
2030380076,R6A,PARK,,,,1
4019380001,R6,PARK,,,,1
4116380001,PLAYGROUND,PARK,,,,1
5047880375,R3X,PARK,,,,1
3020050014,R7-2,PARK,,,,1
2023530067,PUBLIC PLACE,PARK,,,,1
2022800031,R6,PARK,,,,1
2032480250,R6,PARK,,,,1
1016280045,R7A,PARK,,,,1
4139250246,R3-2,PARK,,,,1
2023460018,PLAYGROUND,PARK,,,,1
4039920036,R3-2,PARK,,,,1
4019730001,R6,PARK,,,,1
4058430100,R5,PARK,,,,1
2026250017,R6,PARK,,,,1
4014270024,R4,PARK,,,,1
1016330028,PLAYGROUND,PARK,,,,1
2032130027,R6,PARK,,,,1
2034810001,R3-2,PARK,,,,1
2057160215,R6,PARK,,,,1
4139240232,R3-2,PARK,,,,1
3045850190,R3-2,PARK,,,,1
2048160032,M1-1,PARK,,,,1
3031470022,M3-1,PARK,,,,1
5015650001,M1-1,PARK,,,,1
4138450090,R3-2,PARK,,,,1
1005270080,PLAYGROUND,PARK,,,,1
2044110125,R3-2,PARK,,,,1
2027430050,R7-1,PARK,,,,1
1016280043,R7A,PARK,,,,1
4077480118,R5,PARK,,,,1
5053140050,R3-1,PARK,,,,1
1017000058,R7-2,PARK,,,,1
4081640043,R1-2,PARK,,,,1
4138660070,M1-1,PARK,,,,1
4114560052,R4,PARK,,,,1
4132310047,PLAYGROUND,PARK,,,,1
2030380070,R6A,PARK,,,,1
4005080006,PUBLIC PLACE,PARK,,,,1
5053140003,R3-1,PARK,,,,1
4014930085,R6,PARK,,,,1
2037950050,R6,PARK,,,,1
2025390503,R7-1,PARK,,,,1
4005080020,PUBLIC PLACE,PARK,,,,1
1017010049,R7-2,PARK,,,,1
2027270038,R7-1,PARK,,,,1
3031470030,M3-1,PARK,,,,1
4039630110,R3-2,PARK,,,,1
4005080011,PUBLIC PLACE,PARK,,,,1
4121000086,R3-2,PARK,,,,1
5033550070,R3-1,PARK,,,,1
4139240221,R3-2,PARK,,,,1
4005080009,PUBLIC PLACE,PARK,,,,1
5064420025,R3X,PARK,,,,1
2034580026,R3A,PARK,,,,1
1020360025,PLAYGROUND,PARK,,,,1
4138640009,R3-2,PARK,,,,1
3045850093,R3-2,PARK,,,,1
4013170055,R6,PARK,,,,1
1017360019,R7-2,PARK,,,,1
2025390179,R7-1,PARK,,,,1
4139320083,R3-2,PARK,,,,1
1020070053,R7-2,PARK,,,,1
3082350238,R5,PARK,,,,1
4077610045,R2A,PARK,,,,1
2028300048,R7-1,PARK,,,,1
2027770903,M3-1,PARK,,,,1
3071400100,R5,PARK,,,,1
3082350275,R5,PARK,,,,1
4114550035,R4,PARK,,,,1
3045730050,R4,PARK,,,,1
4082750001,R3-2,PARK,,,,1
3045730015,R4,PARK,,,,1
4156030375,R4A,PARK,,,,1
2029170007,M1-4/R7A,PARK,,,,1
3024300009,PLAYGROUND,PARK,,,,1
4005080010,PUBLIC PLACE,PARK,,,,1
2022680001,PLAYGROUND,PARK,,,,1
5053140060,R3-1,PARK,,,,1
5064040047,R3X,PARK,,,,1
2030830029,PLAYGROUND,PARK,,,,1
5053190110,R3-1,PARK,,,,1
3020450008,R6B,PARK,,,,1
4039920025,R3-2,PARK,,,,1
4082130100,R2A,PARK,,,,1
5041600337,R3X,PARK,,,,1
4039940030,R3-2,PARK,,,,1
5017170058,M2-1,PARK,,,,1
4138460026,R3-2,PARK,,,,1
2028160026,R7-1,PARK,,,,1
5019350001,M3-1,PARK,,,,1
3031430021,M3-1,PARK,,,,1
5000020754,M1-1,PARK,,,,1
4027080005,R4-1,PARK,,,,1
4156900095,R2,PARK,,,,1
4160560038,R4-1,PARK,,,,1
1018110142,R7-2,PARK,,,,1
4073040031,R3-1,PARK,,,,1
4156860100,R2,PARK,,,,1
4114560113,R4,PARK,,,,1
5001850133,M3-1,PARK,,,,1
3020050007,R7-2,PARK,,,,1
4000530001,PLAYGROUND,PARK,,,,1
5027900190,M1-1,PARK,,,,1
2032140033,R6,PARK,,,,1
4138420038,R3-2,PARK,,,,1
2024380010,PLAYGROUND,PARK,,,,1
1016280042,R7A,PARK,,,,1
3045850155,R3-2,PARK,,,,1
4138640035,R3-2,PARK,,,,1
4042760001,M2-1,PARK,,,,1
5034270260,R3X,PARK,,,,1
2056300037,R3A,PARK,,,,1
5000680070,R3-2,PARK,,,,1
4118740050,R3-2,PARK,,,,1
4138450063,R3-2,PARK,,,,1
4139250296,R3-2,PARK,,,,1
2028160030,R7-1,PARK,,,,1
1003160114,R7-2,PARK,,,,1
2051300125,R6,PARK,,,,1
4102860052,R3-2,PARK,,,,1
4139330089,R4,PARK,,,,1
4042750001,M2-1,PARK,,,,1
4005080007,PUBLIC PLACE,PARK,,,,1
4044220133,R1-2,PARK,,,,1
3033160030,R6,PARK,,,,1
2030630200,R7-1,PARK,,,,1
1002670050,R7-2,PARK,,,,1
1020660025,R7A,PARK,,,,1
5053090012,R3-1,PARK,,,,1
5054090090,R3-1,PARK,,,,1
5054090300,R3-1,PARK,,,,1
5048030023,R3X,PARK,,,,1
1017710023,R7D,PARK,,,,1
4113990035,R4-1,PARK,,,,1
3020050012,R7-2,PARK,,,,1
2033570275,R6,PARK,,,,1
5053180110,R3-1,PARK,,,,1
2034350018,R3-2,PARK,,,,1
4038860045,M1-1,PARK,,,,1
4156020040,R3X,PARK,,,,1
2034480128,R3A,PARK,,,,1
3082730067,R5,PARK,,,,1
5078570050,R3A,PARK,,,,1
2026050037,M3-1,PARK,,,,1
4042750100,M2-1,PARK,,,,1
2028250008,R8,PARK,,,,1
4138450070,R3-2,PARK,,,,1
2032150031,R6,PARK,,,,1
4156900037,R2,PARK,,,,1
2034350035,R3-2,PARK,,,,1
4138460130,R3-2,PARK,,,,1
4138440017,R3-2,PARK,,,,1
2028910016,R7-1,PARK,,,,1
4160750001,M1-1,PARK,,,,1
2034290049,R3A,PARK,,,,1
3045850064,R3-2,PARK,,,,1
5053130069,R3-1,PARK,,,,1
2028300044,R7-1,PARK,,,,1
5044410150,R3-2,PARK,,,,1
4138460034,R3-2,PARK,,,,1
2027710100,M3-1,PARK,,,,1
4156900100,R2,PARK,,,,1
5063720062,R1-2,PARK,,,,1
2032130070,R6,PARK,,,,1
3031430024,M3-1,PARK,,,,1
4042370100,M2-1,PARK,,,,1
2027590160,M1-1,PARK,,,,1
3020050082,R7-2,PARK,,,,1
2034290050,R3A,PARK,,,,1
2030630024,R7-1,PARK,,,,1
4114550001,R4,PARK,,,,1
1020080029,PLAYGROUND,PARK,,,,1
5048030110,R3X,PARK,,,,1
4039900050,R3-2,PARK,,,,1
5001850130,M3-1,PARK,,,,1
1017360022,R7-2,PARK,,,,1
4078500010,R3-2,PARK,,,,1
3082350279,R5,PARK,,,,1
2034320050,R3-2,PARK,,,,1
3020050072,R7-2,PARK,,,,1
4115480037,PLAYGROUND,PARK,,,,1
3045850237,R3-2,PARK,,,,1
4160560032,R4-1,PARK,,,,1
1018190100,M3-1,PARK,,,,1
2034780028,R3-2,PARK,,,,1
4160570036,R4-1,PARK,,,,1
2028910018,R7-1,PARK,,,,1
4017870002,R3-2,PARK,,,,1
2028840002,R7-1,PARK,,,,1
2026080039,R6,PARK,,,,1
5001850129,M3-1,PARK,,,,1
3020050070,R7-2,PARK,,,,1
2034540048,R3A,PARK,,,,1
3033160042,R6,PARK,,,,1
2032130049,R6,PARK,,,,1
3031430001,M3-1,PARK,,,,1
2028760227,R7-1,PARK,,,,1
5078570040,R3A,PARK,,,,1
5053080016,R3-1,PARK,,,,1
4160610005,R4-1,PARK,,,,1
5047880105,R3X,PARK,,,,1
3036620013,R4,PARK,,,,1
2034600023,R3A,PARK,,,,1
3003680001,PLAYGROUND,PARK,,,,1
2023570100,M1-1,PARK,,,,1
5053180102,R3-1,PARK,,,,1
1005420010,R7-2,PARK,,,,1
3033160040,R6,PARK,,,,1
4077200001,R3-2,PARK,,,,1
2034320075,R3-2,PARK,,,,1
1015960075,PLAYGROUND,PARK,,,,1
3082350013,R5,PARK,,,,1
4139250250,R3-2,PARK,,,,1
1002590028,PLAYGROUND,PARK,,,,1
2034510002,R3A,PARK,,,,1
2030320011,PLAYGROUND,PARK,,,,1
4005080003,PUBLIC PLACE,PARK,,,,1
3033160023,R6,PARK,,,,1
5027670022,R3A,PARK,,,,1
3082350330,R5,PARK,,,,1
5077220100,R1-2,PARK,,,,1
4027990242,R4-1,PARK,,,,1
4039920030,R3-2,PARK,,,,1
4156010049,R3X,PARK,,,,1
2055210169,C3A,PARK,,,,1
3045850164,R3-2,PARK,,,,1
1020080026,PLAYGROUND,PARK,,,,1
3082350251,R5,PARK,,,,1
5053170105,R3-1,PARK,,,,1
4138660013,M1-1,PARK,,,,1
1017260033,R7-2,PARK,,,,1
4018720008,PLAYGROUND,PARK,,,,1
2023540065,M1-2,PARK,,,,1
5018150001,M3-1,PARK,,,,1
5053170100,R3-1,PARK,,,,1
1019220036,R7-2,PARK,,,,1
1003550010,PLAYGROUND,PARK,,,,1
4160560047,R4-1,PARK,,,,1
2033590001,R6,PARK,,,,1
4138440011,R3-2,PARK,,,,1
3082730154,R5,PARK,,,,1
2034510100,R3-2,PARK,,,,1
2026850078,R7-1,PARK,,,,1
3003410059,M1-1,PARK,,,,1
3045850094,R3-2,PARK,,,,1
2031940020,R7-1,PARK,,,,1
2034480033,R3A,PARK,,,,1
5018010200,M3-1,PARK,,,,1
4138460028,R3-2,PARK,,,,1
5001850132,M3-1,PARK,,,,1
4073180039,R3-1,PARK,,,,1
5038330015,R3-1,PARK,,,,1
5027900150,M1-1,PARK,,,,1
1017710027,R7-2,PARK,,,,1
4005080005,PUBLIC PLACE,PARK,,,,1
1017710049,R7-2,PARK,,,,1
2028530045,R8,PARK,,,,1
5053130060,R3-1,PARK,,,,1
2027590070,M1-1,PARK,,,,1
4025090040,R4,PARK,,,,1
4077480321,R2A,PARK,,,,1
4160560021,R4-1,PARK,,,,1
3005040050,M1-1,PARK,,,,1
4062730005,R2A,PARK,,,,1
4058430003,R5,PARK,,,,1
2028680003,R7-1,PARK,,,,1
4139240222,R3-2,PARK,,,,1
5077730108,R3X,PARK,,,,1
5077570025,R3X,PARK,,,,1
4114550052,R4,PARK,,,,1
2027430052,R7-1,PARK,,,,1
2030630102,R7-1,PARK,,,,1
1002540033,R7-2,PARK,,,,1
1021790600,PLAYGROUND,PARK,,,,1
4138480015,R3-2,PARK,,,,1
3045850169,R3-2,PARK,,,,1
4005010101,R6,PARK,,,,1
2056540016,R3-2,PARK,,,,1
5080050115,R1-2,PARK,,,,1
5001850386,M3-1,PARK,,,,1
5041600100,R3X,PARK,,,,1
4160610001,R4-1,PARK,,,,1
4039630150,R3-2,PARK,,,,1
2025330022,R7-1,PARK,,,,1
2056540018,R3-2,PARK,,,,1
5018150025,M3-1,PARK,,,,1
4118980007,R3-2,PARK,,,,1
4139260075,R3-2,PARK,,,,1
5041050050,R3-2,PARK,,,,1
4139260001,R3-2,PARK,,,,1
2025500037,R6,PARK,,,,1
5013180009,M1-1,PARK,,,,1
1017710047,R7-2,PARK,,,,1
1020720013,PLAYGROUND,PARK,,,,1
4077480112,R2A,PARK,,,,1
1010380008,R8,PARK,,,,1
5053080037,R3-1,PARK,,,,1
2028800007,R7-1,PARK,,,,1
4005080119,PUBLIC PLACE,PARK,,,,1
4081160175,R1-2,PARK,,,,1
4139240176,R3-2,PARK,,,,1
4121000100,R3-2,PARK,,,,1
3031430012,M3-1,PARK,,,,1
4121170006,R3-2,PARK,,,,1
2034290005,R3A,PARK,,,,1
2028160037,R7-1,PARK,,,,1
2053130124,R4A,PARK,,,,1
5047870031,R3X,PARK,,,,1
2034910001,R5,PARK,,,,1
2034520032,R3A,PARK,,,,1
4019280001,PLAYGROUND,PARK,,,,1
1002820001,PLAYGROUND,PARK,,,,1
2055240020,C3A,PARK,,,,1
3033160037,R6,PARK,,,,1
4138660067,M1-1,PARK,,,,1
4081620266,R1-2,PARK,,,,1
2033600020,R6,PARK,,,,1
3030220020,R6B,PARK,,,,1
2026080053,R6,PARK,,,,1
2034400100,R3A,PARK,,,,1
4024670210,PUBLIC PLACE,PARK,,,,1
4073190027,R3-1,PARK,,,,1
2032680040,BALL FIELD,PARK,,,,1
5074990150,R3X,PARK,,,,1
1001170100,C6-1G,PARK,,,,1
4036610001,PLAYGROUND,PARK,,,,1
1021770313,R8,PARK,,,,1
1017890013,C4-4D,PARK,,,,1
2028530053,R8,PARK,,,,1
5034270300,R3X,PARK,,,,1
5053130070,R3-1,PARK,,,,1
4121180001,R3-2,PARK,,,,1
4008890001,PLAYGROUND,PARK,,,,1
4139230108,R3-2,PARK,,,,1
3045850251,R3-2,PARK,,,,1
2034400207,R3A,PARK,,,,1
2027200021,R7-1,PARK,,,,1
4005010001,R6,PARK,,,,1
3033160027,R6,PARK,,,,1
3045730025,R4,PARK,,,,1
2050640030,R6,PARK,,,,1
