boroughcode,taxblock,taxlot,bblnew,zd1new,zd2new,zd3new,zd4new,co1new,co2new,sd1new,sd2new,sd3new,lhdnew,mihflag,mihoption,zmnnew,zmcnew,area,inzonechange,bblprev,zd1prev,zd2prev,zd3prev,zd4prev,co1prev,co2prev,sd1prev,sd2prev,sd3prev,lhdprev,zmnprev,zmcprev,geom
4,12542,3,4125420003,R5D,,,,C2-3,,,,,,,,19A,,2230.47838846967,,4125420003,R5D,R3X,,,C2-3,,,,,,19A,,0106000020E6100000010000000103000000010000000E00000035664C76C37052C012ACB54CED5644403A2DDC47C77052C059F2F17EEB564440D8EDBD1AC97052C00593635BF4564440AE89B9F2C77052C0E717D3E8F45644402BEEF6C1C97052C0EAC18DB3FD564440C33FBDC6C27052C05B2C770901574440C3D544DAC07052C0C2D77E70FF564440B8BA6213C27052C0324B65FCF45644401225224BC27052C05085DC40F3564440B162D871C27052C0EE61DA3EF256444065E7F6A5C27052C0B2E26E0CF15644403E1EAFE4C27052C0D8D288C7EF564440BEA0CA25C37052C08920C29AEE56444035664C76C37052C012ACB54CED564440
2,0,8900,2000008900,PARK,R1-2,,,,,NA-2,J,,,,,1C,Y,2186.71450350154,,2000008900,PARK,R1-2,R8A,R8,,,NA-2,J,C,,1C,Y,0106000020E61000000200000001030000000100000029000000FCCCF48B6C7A52C08E78622CFB6B4440751E2A46627A52C059DFF5C8F26B4440F722B2E0617A52C069C20976F26B4440621F4ED0617A52C0FE142264F26B4440BC1AF0C4617A52C04357E551F26B444071F6C2B7617A52C08CCAAA2EF26B4440229E18B0617A52C024C2F20AF26B4440472FF5A9617A52C00D63EFD7F16B4440D14D60A9617A52C02BE735AAF16B4440FCB1B6AC617A52C0CE37937CF16B444022D315B9617A52C097096B4BF16B4440BE5352C9617A52C0990CCB28F16B4440E28C40DC617A52C098A34708F16B44404CD7FAE8617A52C030F448F8F06B4440DE0BA706627A52C0425F28E0F06B444044038128627A52C03950FBCDF06B4440F7383F4A627A52C05E3D61C9F06B4440AE31E96C627A52C0C0B290D2F06B4440D48DC9CE627A52C0CA210920F16B4440D18D260B6D7A52C050B60A96F96B4440161C5F6D6D7A52C06178D5F1F96B4440F7135B836D7A52C0B148030EFA6B4440A68CAE936D7A52C03EB1B227FA6B4440FF41E89F6D7A52C0EC252F45FA6B44405E09DFA86D7A52C08A3B7F68FA6B444019019FAF6D7A52C035ADCB94FA6B4440A1B8C6B06D7A52C0E6C86BC0FA6B4440A2FBD4AD6D7A52C0C6B267E6FA6B4440D972E1A56D7A52C009D36C0AFB6B4440729CAE966D7A52C0D0E6D42FFB6B44407EA119836D7A52C02FB74650FB6B4440E7BD9A716D7A52C03E2E7265FB6B4440DDAB2E596D7A52C092053478FB6B44408D32B0456D7A52C00C3A4C84FB6B44402E447B2F6D7A52C0EBDA1C8CFB6B4440D444161F6D7A52C07FC3068FFB6B444098303A0F6D7A52C029B2DA8DFB6B444022270D026D7A52C0B3830688FB6B44407EAE1BF26C7A52C02031C07DFB6B4440704E55DE6C7A52C0272F0B6FFB6B4440FCCCF48B6C7A52C08E78622CFB6B4440010300000001000000280000002942AAE9FF7952C00E78E53426734440F889E900007A52C0FF8970792673444042A22411007A52C02E94E7BA26734440D2E3C31F007A52C05DB4142827734440A2622022007A52C0B2D6388827734440A273A11F007A52C02AF9B9D827734440120E7E14007A52C01ABFE62A287344409BE1AF05007A52C020B4D56528734440106EC8CFFF7952C0913209ED28734440B00C26CDFD7952C03A7C28E62C7344409DD720F0FB7952C03ABF423730734440D8F7A13FFA7952C0B385A1C232734440B0FB8BE4F87952C05045CE7D347344406FD9E7A6F77952C042A5CAE8357344400CA22B62F77952C058A1171E3673444083C97321F77952C07D43424536734440245C3EC0F67952C09274D66D36734440F2C53C72F67952C07DCF777536734440D1B5DB1DF67952C0E3901D5C3673444045688ED7F57952C0C05B702D36734440032859ACF57952C02BEE69FE3573444027E6497AF57952C07F5C83A835734440B48EAE65F57952C063F91E683573444099259F53F57952C03F9B842335734440C1F8F643F57952C018EF3BB63473444050102241F57952C03EF6325334734440EB4A0047F57952C0D17AFAF8337344408BC80167F57952C03E90FB743373444089FF0AB4F57952C02D0F3585327344408275F85FF67952C099D893AB3073444097AC0A6FF77952C07403893D2D734440CBC3B60BF87952C041B16AA32A73444028E46380F87952C01476B1A3287344409424AF5FF97952C0AC7888A423734440455B744FFF7952C03496AF9C25734440615F6CA0FF7952C0ED7255CB25734440DF9E3BBCFF7952C0C60D93E825734440B79A04CBFF7952C0611FC5FB25734440E96689D8FF7952C0C27FD511267344402942AAE9FF7952C00E78E53426734440
1,1010,41,1010100041,C5-1,C5-3,,,,,MiD,,,,,,8C,,564.55822725594,,1010100041,C5-1,C5-3,,,,,,,,,8C,,0106000020E61000000100000001030000000100000008000000C110286E937E52C0D3A1C423EB614440A6455EC3937E52C059DDB451EB614440793C54D4947E52C03606E9E4EB614440C0B32E03967E52C0A5CE3E88EC6144400AB6073D967E52C0EA3775A7EC61444058B76BAB927E52C0F16E8E9FF661444065C84317907E52C0E85DD477F4614440C110286E937E52C0D3A1C423EB614440
3,3669,22,3036690022,C4-4L,,,,,,EC-5,EC-6,,,t,Option 1 and Deep Affordability Option,17C,,3355.52948367223,,3036690022,C4-4L,,,,,,EC-5,,,,17C,,0106000020E6100000010000000103000000010000000F000000BA89847A6D7952C0ABE7406BA256444010AFDD546C7952C0CDC1EB6C995644402198B8C46B7952C08726CB029556444066717CAB717952C0EC645E449356444098433D3C727952C08DB34EAE975644407801EF88727952C0A45905059A564440B34902CE727952C00B623F209C5644400FB7E116737952C04F320C599E5644404BF52163737952C0D71E47ACA05644406893F348797952C0BB7E1AEE9E564440B6E9906E7A7952C055F0FFE1A75644407480BC88747952C04D072DA0A9564440901E9358717952C007675891AA5644402EC9E39E6E7952C0878B835FAB564440BA89847A6D7952C0ABE7406BA2564440
4,9006,21,4090060021,R4B,R6B,,,C2-3,,,,,,,,18A,,362.687425907701,,4090060021,R6B,R4B,,,C2-3,,,,,,18A,,0106000020E61000000100000001030000000100000006000000B266E5F0057752C056596F818A5744404BEB876E047752C0071A0B4584574440B2236098067752C05063B30D8357444039CC45A3087752C0F13D2B7E8B574440DD8F6A79067752C0213085B58C574440B266E5F0057752C056596F818A574440
4,1740,47,4017400047,R5A,R5,,,,,,,,,,,9D,,237.916415415471,,4017400047,R5A,,,,,,,,,,9D,,0106000020E610000001000000010300000001000000060000002CC2B0C9907752C079FEE7CA6B6044402ED0964B907752C0409E67B2696044407D8A57CE957752C0462506C066604440A8BB6852967752C0C99C21F268604440FD68B4CF907752C00C937BE46B6044402CC2B0C9907752C079FEE7CA6B604440
3,6679,42,3066790042,R5B,R4-1,,,,,,,,,,,28C,,251.344690084457,,3066790042,R5B,,,,,,,,,,28C,,0106000020E6100000010000000103000000010000000600000026BF78F54C7E52C0C4424316144D4440DD908A1D4D7E52C0D8D0B7DB114D4440BEBCEE0E537E52C0A92EE473124D4440D271B7F2527E52C004E11705144D4440733FACE0527E52C0A479A105154D444026BF78F54C7E52C0C4424316144D4440
4,10393,56,4103930056,R2,R5B,,,,,,,,,,,15B,,467.932311967015,,4103930056,R5B,R2,,,,,,,,,15B,,0106000020E6100000010000000103000000010000000900000077942626CD7052C0027F0ABC1F594440C9DB8275CB7052C01F4E5CE71F594440292BEB34C77052C0BF4E57542059444097473EA0C17052C06A5B5AE32059444057681A67C17052C0716E99941E59444022DB216FC57052C02C9A4A2D1E594440C4D50B0EC97052C0E99E7DD01D594440B6C5DDDACC7052C0E20A1A6F1D59444077942626CD7052C0027F0ABC1F594440
3,3237,23,3032370023,R7A,R6B,,,,,,,,,t,Option 1 and Deep Affordability Option,13B,,2385.59304681048,,3032370023,R7A,,,,,,,,,,13B,,0106000020E6100000010000000103000000010000000B00000064FAD89BE17A52C0F1EB05AA105A4440D1C9B580E27A52C0EE0D88D70E5A44403FD48E5AE77A52C0161EBD62145A444061FC5775E67A52C08088D834165A4440ED365C92E57A52C0E1836802185A444042625C8DEA7A52C032C180B31D5A44403EFB1F0FE77A52C00E6AE4CD245A4440A5131E14E27A52C06DF9CA1C1F5A444038EB4C3CDD7A52C096A0E493195A44409F6D33B9E07A52C06A49FA77125A444064FAD89BE17A52C0F1EB05AA105A4440
3,1813,41,3018130041,R6A,R6B,,,,,,,,,,,17A,,1728.13592085242,,3018130041,R6A,,,,,,,,,,17A,,0106000020E6100000010000000103000000010000000C000000DF0ACBC7A37C52C09A248A48D55744402B99049EA37C52C04870D0A1D35744405A1B0672A37C52C09861B0E4D1574440543E989EA87C52C0A35A4AB3D0574440AC7B57CAA87C52C04CD47770D2574440CBE6F5F2A87C52C00A70B00DD45744409D71C215AA7C52C06BE80BCBD3574440B4CCA445AB7C52C099A66885D35744408F1A2C67AC7C52C03C100F43D3574440500E984EAD7C52C04331BD75DC5744408CAE5AAFA47C52C030108D6FDE574440DF0ACBC7A37C52C09A248A48D5574440
2,5034,1,2050340001,R5,C8-1,,,,,,,,,,,2A,,256.758206687868,,2050340001,R5,,,,,,,,,,2A,,0106000020E610000001000000010300000001000000080000002009C4E1EC7652C033F62DB0ED724440D59A0B14F27652C07D491AC4F17244408DD93E52F17652C0932DC701F4724440735F1CF9EF7652C02481EFF2F2724440A0DE3D8DEE7652C09E5666D5F1724440B3A48B5DEC7652C0CAF22E1EF0724440EC683520EC7652C0CC140BEEEF7244402009C4E1EC7652C033F62DB0ED724440
4,8206,48,4082060048,R2,R2A,,,,,,,,,,,11A,,378.57672970742,,4082060048,R2,,,,,,,,,,11A,,0106000020E6100000010000000103000000010000000500000086C8764A406F52C068029DBFE2614440D10E4B3A456F52C0F1932122DF614440D8827747466F52C0788973C1E26144404FC78658416F52C01B1E485EE661444086C8764A406F52C068029DBFE2614440
4,15603,125,4156030125,R4A,R3X,,,,,,,,,,,31A,,484.455224132165,,4156030125,R4A,,,,,,,,,,31A,,0106000020E6100000010000000103000000010000001B00000063B8707B576F52C078B73D3E624C4440736A0F7C576F52C0BEE14C15624C444047A0028E576F52C0BA31DD7A5D4C4440BFA50E39586F52C0591C73565D4C4440CBD14DCE586F52C008302C615D4C4440C3E33385596F52C0AABEF2865D4C444082D4D7085A6F52C0533706A95D4C4440DBA0C04C5A6F52C0F6FAFFF25D4C44406F4A23975A6F52C0AF5A90725E4C4440D0FC15D25A6F52C0635DE4165F4C44406F45A4F05A6F52C0278D54975F4C4440EC42F4035B6F52C07FA6197B604C44400403A9FA5A6F52C0237F3880614C44401A98ECEB5A6F52C0B64B5A09624C444014EAD4BE5A6F52C092F1EF9F624C444068537E805A6F52C09DF5634E634C44407124E3405A6F52C08BAE76DB634C4440CCF592F7596F52C02AA4936D644C444034F713AA596F52C0C985DFF5644C4440149A395C596F52C0DA3BC480654C4440FBE2B51C596F52C02C96B7DE654C4440F86EE9B9586F52C064C16F92664C44400F94B956586F52C00DBEDE3C674C444017B2CAF5576F52C0EB452AC9674C44406A3E3989576F52C00C4DCD5F684C4440D7E6E162576F52C00B4E2E8A684C444063B8707B576F52C078B73D3E624C4440
2,2605,37,2026050037,M3-1,PARK,,,,,,,,,,,6D,,62986.4587887153,,2026050037,PARK,M3-1,,,,,,,,,6D,,0106000020E610000001000000010300000002000000080000001B9BA02E597952C06D082E4D1E664440B39E4501497952C0E71601AFEF65444099E6E463497952C01F843E53C9654440DF25360A6D7952C0675C51BACB654440836F2E16927952C0FC8503CDEC6544407945D0BE927952C0143F2BAC096644405C4F4A45777952C08E691ED4206644401B9BA02E597952C06D082E4D1E66444052000000B289DF927F7952C02FD83F79F3654440EEB85A8A7C7952C0AD7919E1F1654440B3C80A3B797952C0DAEDF1CDF0654440B2A4C23F777952C0DF5D4ADBEF654440FA32A6BA757952C0372231E9EE654440AF850F74747952C06EF77AE3ED65444015B7D608737952C059CAA6B0EC654440A32772EE717952C076B09CDBEB654440D700CCE5707952C0775BC56CEB654440D7CF54C16D7952C0FE5E3B4CEB654440FD741C4B6C7952C081A4CB5CEB65444058DE6CA16A7952C0C187B8A9EB65444013DF0AE1697952C07A249AD1EB654440CBB4DCD7687952C06D1D5103EC654440249357E4677952C0AC4E91F9EB65444097726D37677952C0141241C6EB654440957C7F93667952C0598CBA73EB654440233F6119667952C0D933030FEB654440D47D6FAA657952C02570FC8EEA654440D82C2F20657952C050C62F0BEA6544400392427F647952C01588A9A7E9654440FAAC01AE637952C00F8E2A46E9654440DAF80E1F637952C068E46229E9654440AEABF69F627952C0C5B9B63AE9654440D767F7ED617952C0FC26439FE9654440AF9A8C3A617952C04016C44EEA65444086AFECAB607952C0664FE92AEB654440928C2519607952C07A83D077EC6544408E6A69CC5F7952C023EE966FED6544407B99B76A5F7952C0CFDA7AE8EF65444096BEEEA75E7952C0A8E90190F2654440604D75D65D7952C074315C54F6654440C965BD895D7952C090A2EA6EF86544406B7092885D7952C03EBCCEF9FA654440911A15CC5D7952C0630E85EDFD65444041D297775E7952C0549BC8F000664440C3005807607952C083184B970566444085D6486B617952C0B0F0E80B09664440CC295533637952C017FEB7930C66444041F07468647952C0C5778B890E66444066DD30CC657952C0C81D0BD80F66444038AE7589667952C0AF14814B10664440A49F0665677952C0A6F102BF10664440659DA375687952C0A184171011664440DB97A6B66B7952C0BDA44FEC11664440DD0F41666D7952C0ED81C39912664440922AD5E96F7952C01F52BBD1136644401CBD3D67737952C088E853AB15664440C7EC8B24747952C03EB0BCF015664440A7E9E0E1747952C007119C13166644404AE2BA01767952C0F95E95F11566444033578847777952C0A5AB0368156644405C372BA4787952C01BB356541466444008BB8E87797952C01773858513664440880F13457A7952C06A00A3B61266444072AD3E0A7B7952C077EA2580116644405FBE9E047C7952C02A2601580F664440D3C15EC27C7952C07659CF5D0D664440B85335C47D7952C03568D1BF0B6644408586CD117F7952C0576674160A664440235445BA807952C0CF814684086644402E52B4F2817952C07310FDAE076644402747F8E3827952C0AB5250FD066644404066E04D847952C0ED2377EA05664440320B7349857952C0789DD6380566444011D3E5BD857952C0C76C5CD504664440FB5BD710867952C0CB24127B04664440924B7939867952C095461F4304664440DE267280867952C042A4D8CC03664440297310CC867952C01DB0071603664440A00D1405877952C09349F9F10166444038747627877952C037767B7A00664440F37A812F877952C0F8AD8C1DFF6544408DDED931877952C0E2B5EC04FE6544404A78B304877952C0635C32C1FC654440FE0EBAAF867952C013DB1063FB654440E709A7DE857952C0F8639667F9654440FD658A10857952C03AEA920FF86544409CD897EA837952C02EB8F8B2F66544404E692E75827952C064E73256F56544400552FA22817952C07188C539F4654440B289DF927F7952C02FD83F79F3654440
1,1510,40,1015100040,C1-9,,,,,,,,,,,,9A,,278.817722588778,,1015100040,C1-9,R8B,,,,,,,,,9A,,0106000020E6100000010000000103000000010000000500000013ECDA8A367D52C0EA16BDFF5D6344400A0198BC357D52C00D4ED733606344404F181433307D52C093F52E875B63444019CF5901317D52C08BEB18535963444013ECDA8A367D52C0EA16BDFF5D634440
1,1373,1,1013730001,R7-2,,,,,,,,,,,,9A,Y,399383.517777271,,1013730001,R7-2,,,,,,SRI,,,,9A,Y,0106000020E6100000020000000103000000010000002300000073A41A75C27C52C0353C7232B06144401F46E036C27C52C0AA5E1DF2AF6144400C95871EC27C52C08CA79028B0614440D0981820C17C52C021EF8521AF614440F5D2B6E1C37C52C085D339F7A8614440528BF593C37C52C09A10D6A6A861444066829155C67C52C08179897CA2614440936D3C96C77C52C0971D11C8A361444043F6AA09C87C52C01EDDDFC5A2614440AD806D57C87C52C050994116A3614440083F237DC87C52C01745E9C1A26144407FC2127EC97C52C00A588BCBA36144408A79E736C97C52C0A75BB86AA4614440FDEF4FBBCA7C52C037CD47FCA561444092454582C77C52C07527B931AD6144404EA106D0C77C52C009D51C82AD614440049FF8DBC67C52C031A503A4AF614440766267B5C67C52C0CB0D247CAF6144403BB1F2E1C57C52C0AC361F55B16144403D647D1DC67C52C01BC5AB92B16144404CDCBBDFC57C52C01F72A123B261444088B4C0B3C57C52C08870D97AB261444005BE3A7FC57C52C0F9595AC6B26144408A8D7E43C57C52C07C983A04B3614440847A0F02C57C52C0B2F2E832B36144405DD095BCC47C52C09DB63651B3614440300FD474C47C52C04C645F5EB361444092829B2CC47C52C022A80D5AB36144406678C0E5C37C52C013845D44B361444035640EA2C37C52C0089ADB1DB36144403E3B3C63C37C52C0769D81E7B2614440F32009EDC27C52C0C8CC4C6DB2614440591E7418C37C52C072A8310CB261444081B6E317C27C52C0E1D9F102B161444073A41A75C27C52C0353C7232B061444001030000000A0000002502000018711E86217D52C0DF4F12B7FF6044407FD156061D7D52C061A27E34FC60444018711E86217D52C0E14F12B7FF6044409D8BD0121E7D52C0F0357BA708614440D4B91C8C187D52C0636F3049136144403C664E370F7D52C03ACE5AB5256144403229B795067D52C01A8FE3F8346144404279C192FA7C52C002CB691B4A6144401BE254A7F87C52C073BE97F84761444057429E74F37C52C08E1494DB50614440E2B37599E97C52C020F91CB5616144403EF6AB71E97C52C03B3F96F961614440C5F03899EB7C52C086C824456461444027CAD97AE97C52C0F4A021BB68614440060217B4E77C52C08102ADD666614440B10FF148D97C52C0160F949A8E614440BC04E965D87C52C05269283B9361444018A6EECADA7C52C089651A4C98614440BF29D51AD57C52C078B4F147A561444085D0F783D27C52C00CFB8471A26144405B116889D17C52C055A55E9CA461444040CCD6D1D37C52C099FE4B33A7614440E0506804CE7C52C00F06F232B26144403D6716F9BF7C52C097C6AD69CA61444084B303B0C17C52C03B5E54CCCE614440771734A6BD7C52C00DDCA0B1D5614440A3494631BB7C52C0FF8F9A5ED36144409A16AD66B57C52C079E3BD0DE361444098CED40FA27C52C0B647F86C17624440649336319C7C52C03806A7C71E624440C45342509D7C52C04CC08E44216244409BA388A3997C52C04A09D1B52862444043678F32997C52C026F69A9A29624440DFD9A601987C52C0E66F36942962444092F1E1D8977C52C005210DAA296244406A511BB6977C52C0CD364DD3296244404CFACA92977C52C0E10F8B0C2A624440A4484CE8967C52C0F939DF6B2B62444096A41B3A957C52C0ADE58CE42F624440FD36711C947C52C0E9E41876336244409B67FE06937C52C0C1FF928F386244401976325F927C52C08616CCC63A624440AF70C7D8907C52C0755C26D03E624440C43BB146907C52C048BA736F4062444012FAB9C98E7C52C0B4AB9E1745624440A069E8B88D7C52C047391FA748624440CB539DF38B7C52C02F449F934D62444052705A7C8A7C52C0A2EDE0D55062444087554B12897C52C0F8EA829453624440EE550B1E887C52C0616B143555624440F0AFC515877C52C01B10E86A56624440DE9F2664847C52C0C59C47AD5962444073CC04F2817C52C03ADF21295C624440EB445949817C52C0701EBFC85C6244405939281B807C52C0DC881ED35E624440E3E72B717E7C52C0D495A414626244402E775EFA7D7C52C0CD83E06763624440B53DC18F7D7C52C09B521D0A6562444006D52D0E7D7C52C051CD6EF466624440A1E288CC7C7C52C03CE929D368624440EA68BB867C7C52C034EBF6636C62444027D09B037C7C52C03D8CAC136F62444079FEA9AB7B7C52C0A40C4CA770624440BCB0FB3A7A7C52C0B7E40B1E766244409332A42B797C52C00737D1527A624440BB7F3B65787C52C0B64131097D6244405964DCC3777C52C06DB526437F6244403D487923777C52C08825B83281624440CF496AE7737C52C0CCB1542F8662444070638F39717C52C0F86291468962444042C6ECEB6F7C52C028B853B98A624440FE5D4E986E7C52C0005F6F6B8C624440CDB7C90C6C7C52C0A01FD299906244402F631BF6697C52C0B06B13BF936244401A508D86677C52C01C038BC0966244409CC052F2647C52C0CD1D2F339A624440AF3468E4617C52C0CDE3E7AF9E624440FBCAB5B45F7C52C037FFA782A1624440BDBE8CED5C7C52C0841ED4FBA46244404CD303975B7C52C0554BC103A762444070AF8B1E5A7C52C0E41AABF8A9624440E04D6CA1587C52C0247F14ACAD624440AC3DF30B577C52C06C86968DB2624440362EDC84537C52C06D3879A9BE62444008A63593517C52C0464AF86CC46244401156BCB84F7C52C0844E8E0AC962444057D373894E7C52C0DEE233B9CB624440B743BB304D7C52C09F7C4EA3CF624440A705A5DB4B7C52C0A8DD18DED16244401A554C8A497C52C0D31AA3C0D3624440920BC0A8477C52C0E1EC842ED562444077E1AE30467C52C0E52B2963D5624440246F2C48447C52C07473B9CCD562444013BAF8F2427C52C0B2EB1A48D6624440C5E1A5583D7C52C04B1A2B3EDB624440A777501C3B7C52C0C4860217DC624440436F6970367C52C0E4E3DEABDD6244403426E6BC347C52C0A83E1BB4DE6244401CAA9D30337C52C0DA1C9C76E0624440B119100E327C52C06321D105E2624440948A1958307C52C082BFB238E5624440ED81D1252E7C52C074376F23E9624440C88E64F62B7C52C098047A2EEC6244406610CB8D2B7C52C01A80E479EC6244402A8E51452B7C52C01E43B081EC6244409C35C0F92A7C52C0CB1DB663EC6244409B8E6D972A7C52C0CD203A1BEC6244402094845E2A7C52C066CA81D7EB624440B45CF24C2A7C52C0A142439DEB62444047ACAE432A7C52C0ABEBF120EB624440D677A2552A7C52C06C256C8CEA6244400456CEC72A7C52C00B16D60FE9624440747CEB412B7C52C0D6CDC834E66244407C78C4BF2B7C52C0C927E5D7E36244409CC581482C7C52C038F03A21DF624440EEEF2F492C7C52C04E772419D6624440ED0912452C7C52C08F57B82FD3624440AAD9D8992C7C52C058AEBFC4CF624440F260DFE42C7C52C00BD2422BCB6244405CB62EE52C7C52C0A465484CC862444029EF619A2C7C52C0F26D7101C662444058717D3D2C7C52C05ABEF52DC4624440DBFC4DFE2B7C52C0FF68DA3FC1624440DF3B1AB12B7C52C09C65CB72BA624440ED16782A2B7C52C07034E598B5624440346729CD2A7C52C09E3F5111B36244400FB6D46C2A7C52C040FB6666AF62444027564F532A7C52C034BB2D12AD624440F278D4682A7C52C02EE948D9A9624440EAEB9AC12A7C52C0A0DCB51EA7624440679CADEE2A7C52C0CD2ECAE2A562444001942F312B7C52C049AF78F9A4624440AE3136502B7C52C0CED008A0A4624440626E15AE2B7C52C0EEF7879FA36244406DC88DFE2B7C52C0A787E4BBA2624440C38388972C7C52C0EB56AAEDA062444047FF24DA2C7C52C0E19213E49F624440BF86372D2D7C52C05B913DF89D624440B7FC607B2D7C52C0E531FC479C624440A98221C92D7C52C02396B06F9B624440BD0C31292E7C52C0BA6F34C09A6244400B4165412E7C52C0FFEA64949A6244400B3A5CAA2E7C52C0E8DCE4F799624440EE85843E2F7C52C0CD8C85EA98624440DFD75E9E2F7C52C046A9C5C9976244403422C8F22F7C52C0766B9E66966244403CACF476307C52C01AD6000E94624440391E3BEF307C52C0AFBC7051926244408692D453317C52C0F1AB044C9162444042177FEF317C52C06E790138906244403947E17F327C52C0456B31248F6244407E28C151337C52C0611A682A8D62444032B747AD347C52C06F1A095E88624440D9AC97C8357C52C0088ABEA085624440FB6814DC367C52C0FF7CF6058462444069EFCE44377C52C0B9C5BD7683624440740AC5BC377C52C0688303DA82624440DABCDA39387C52C06CAA7C23826244400EDA409B387C52C0E9F1492881624440D9ECADB7387C52C0C63E82B9806244404305FACD387C52C0853739528062444001F43BEC387C52C0AFB2888D7F624440442966EC387C52C0BFAB2A737E6244407CA2C4CD387C52C025EB5E797D624440EC2475AC387C52C0693A566D7C6244400DDB6781387C52C0A76CDCFA7A62444066989F86387C52C017406C447A6244401D4461A1387C52C0CD5754A97962444016E745E5387C52C0A0F349C67862444069D40A03397C52C0A6ABB87478624440F2C9A2173A7C52C0CD83C2C17662444031BC82EA3B7C52C02D1002C0746244401C474DC43F7C52C02B7A4BB471624440481C1F89447C52C0F78351886E624440EDC0A456457C52C083195E846D624440D97F3224467C52C0A8EA90376C624440FA5AF2B2497C52C03F33DBE865624440D4C707A64A7C52C0F2EB0493646244400BE9973F4B7C52C02A13ED1A656244408CAEA84B4C7C52C04BFAFAF56362444025E4B2714B7C52C0A12BED6E62624440B74A1FAE4F7C52C02F6A41055D6244405CA8314E517C52C0CB2944C05E62444090D3071F547C52C0DDC1D974596244404EB8323B557C52C0B38559A557624440AA9E2992567C52C0F88C5616556244401C356C5A577C52C051E9BA3953624440D231CF26587C52C05C2F5AEB5162444092479A27597C52C0640EBC8F4F624440C2DC75615A7C52C05CF72E1E4D624440CC65335E5B7C52C00A7AFFF74A6244402C3E184F5C7C52C01E6403D8476244406F2E7B5D5D7C52C0172799C545624440B7FACA455E7C52C0F57EF7E343624440E9A0CB445F7C52C05B28F0F940624440F7B68C1C607C52C03CA4BC7E3F6244400D2C61AA607C52C0685CE50A3E624440826F05F7617C52C03172BCC53A624440C8F42A2A637C52C0B4631D0038624440E5DF9367647C52C04D6C4E2D35624440E4E6E6B5657C52C0BE1B546F3162444022DB5283667C52C0B222610430624440C75F25C8667C52C0F8539D562F62444000E48A70677C52C0AFA7EDA12C62444052AB7362687C52C0D10468BD29624440E3A325EB697C52C07A67A27D24624440A0D648206B7C52C0D478A5B01F624440497CD2586B7C52C054D4CD801C62444091CBD4CF6A7C52C08670FAFC1A624440FB525FC76E7C52C0DD4DE16D156244406CEF67996F7C52C085DCCC2E166244409ABD22F46F7C52C04972F2A71462444074D63B92717C52C000497C1F0F624440BD5D6939727C52C089C240840C624440906519A4737C52C02DF1E0B9086244403AF0BBD8747C52C0EFD5956E056244403064BF52767C52C0F47502B501624440D2BA356A777C52C0EA01A3AEFF614440AE795F0E797C52C0877D37C2FB614440C18CA0967A7C52C0C1688E48F961444049C2B4477C7C52C0947E35E3F66144404217486C7D7C52C0F99965FDF4614440611C62D97E7C52C02EAE720DF3614440E8DB105B807C52C04D869A0FF1614440D69F6464817C52C09247AD7CEF614440698BAD49827C52C0FB96C312EE614440A06BE420837C52C069CB544BED61444010ED13CB837C52C0CFCD1934EC61444049353B73847C52C0B33D65D4EA61444061929E3A857C52C049F837C1E96144405A2CDED4857C52C09BD116E8E86144406C47BFAE867C52C0A49631ABE761444029EA0340887C52C06F199A61E56144406D3B28CD897C52C05A63F7F8E2614440F604F9058B7C52C0A7063C0CE1614440FDB15A0A8C7C52C05F50C445DF614440D856EAFA8C7C52C0C3E47BF8DD61444024A309F38D7C52C00F3B885FDC61444061C30BFF8F7C52C01E2A51C8D8614440760CA8AC907C52C0355BC265D7614440747D18FF907C52C0878F1BFDD66144404F4B9C81917C52C0369B313FD6614440DD261923927C52C04EAC1F71D461444069E18C34927C52C0633416F3D3614440CB4D9D58927C52C01FD96978D361444086B1333C937C52C0ABAA5AECD061444085657893937C52C082BF753FCF614440747B221D947C52C03725736CCD61444080FBC97F947C52C0AD02A46FCA61444082437902957C52C08977BBCDC8614440199D79A3957C52C0CC5866ABC5614440B82B0E7D967C52C024DD3E2FC16144400D2A9D0F977C52C0C1A4662DBF614440787A7A68997C52C01E2CF597B9614440A5DD4F849A7C52C082B43A72B761444041CC4ED39B7C52C0DDB070EEB46144400C214FA29C7C52C0577683D2B26144402305C14D9D7C52C0677D2788B161444023B087549D7C52C0B0BD9E61B1614440B87479469D7C52C0243D9629B16144401F546B299D7C52C095A702ECB0614440999AEBFE9C7C52C0390C4E8DB0614440F4C59ADE9C7C52C0B731062FB0614440D45FFE799C7C52C0328E0A66AF614440321F33759C7C52C0A6546A0FAF614440C53DB7839C7C52C0648C9BC1AE614440A7CD1074A27C52C0D9D88C0DA1614440F41BA3E3B27C52C0DC04A213B06144407F17840FB37C52C02F5E2CAAAF6144400E074F56B47C52C0641E89FAAB614440CDFB49A0B47C52C097802DA1AB6144409EB246ACB47C52C0C030E778AB614440D6ACFC90B47C52C012EE4CCCAA61444087B79D40B57C52C0A58CB8A3A76144403CC3F20EB77C52C0C495367BA06144408932C8AEB67C52C0A80E994BA061444009B13F20B67C52C06BF1D054A2614440725015C2B47C52C0E572ECBAA161444069FBF730B37C52C0E6F33C82A06144407BCD4775B27C52C0F4FD3458A261444082FF170AB27C52C00B2B41FCA1614440DFC1E4B4B27C52C07BE3D030A06144400D5296BEB17C52C00D075D729F614440357E23D4B07C52C04CC681BFA1614440FA00E884AF7C52C0B526327DA26144408E0B553AAF7C52C0FBE557B8A06144407C61F4BBAF7C52C013BCD2409F6144407694201CAF7C52C04A89E3C09E61444040B1FEAEAE7C52C03BA60EC79F61444064E165B9AD7C52C0524DDD3E9F614440932704E2AC7C52C07CE94B679A6144400F02818FAE7C52C0F75E0721966144406B514232B27C52C0913260D698614440AC1BDCF7B27C52C0E2364C529861444063799932B37C52C00CA936A099614440EA5E76C1B37C52C0AD7B12FB99614440E74F9404B37C52C02CE253F39B614440D27C1BC3B57C52C0065C80F99D61444055D9F124B77C52C0E6722B5C9E61444016D75A0DB77C52C0449ACFDB9E6144400D223769B77C52C0598FA2089F61444058B767A2BF7C52C0C9B4CD107D614440E05F906FCB7C52C04331F75F6E6144402BFDC184CB7C52C0DBC7287F6E6144401A186942CD7C52C0DCB052566C6144408270752FCD7C52C040F968326C6144406B8E841BCF7C52C0E274DCCD6961444051457D82CD7C52C0C9C7DEC76761444023BE7119CD7C52C079737484686144405125DBB6CD7C52C01E56FA1C6961444056841C5CCD7C52C0000E16E869614440EFFDC9D1CC7C52C07D65944F696144404D6226CBCB7C52C02DBA4F4B6B6144406EFEEEF2C97C52C04BAF735D696144401DD94B54CB7C52C0395A27C2666144409C78E6F4CA7C52C02FC73755666144401526A34FCB7C52C039845E9165614440E6387D4CC97C52C028E5AB70636144409ADFF41CC97C52C0EBD1708A61614440B0BC7761CA7C52C008EF284261614440CF1353B7CA7C52C0B2324F9961614440FAA5AAACCB7C52C0C1DEDD755F614440C62610D8CD7C52C06FE15D605F6144408FA21D43CB7C52C07A9B782A5C614440CBDADD1AC77C52C07C659A4064614440E0092D6CC07C52C0E23173C35C6144400BC6C8A5BE7C52C046512FC4606144406004F39FBC7C52C032F52BF363614440D32FE268B67C52C03167A8D07161444021DAF400B67C52C03CA79A23756144407F0FF5D3B47C52C0FE0A14FB77614440497FB350B37C52C09301ED997A6144409AB2E0D3AD7C52C0FF2CFB32886144406F55ABA0AC7C52C023C5126E8C614440B5978757AB7C52C0496CCE288F6144402E924DECA97C52C014811DE39161444067B604B1A57C52C065AEEDCB9961444052A64DBEA47C52C0F69815DE9C6144403CDE948BA37C52C0542094349F614440A7CD1074A27C52C0D9D88C0DA1614440D7D8F6EDA77C52C04D5EAF6D94614440C2B5AA88AA7C52C0DB89B8C38E614440E3C5E40EAD7C52C0DA58A3048961444056883715AD7C52C02E67B1EB88614440F08FE90EAD7C52C0FCBBA7D488614440F081E55CAC7C52C0A51BD66E87614440E1F99C5AAC7C52C06EBFE62A876144406240D468AC7C52C0E2B56AE0866144408E70BF33AF7C52C04EA906917F61444066F87898AF7C52C094A8B3807F6144409E8DA713B07C52C0B6C2D63D7F614440333E727BB07C52C0D47F2E9B7E614440439C9CBFB07C52C0BF86FCC57D6144407AA67848B17C52C06A430D167C6144406CDFFFE3B27C52C0FC08D7DA77614440FF1D0263B47C52C05F7F4F0774614440A28C0716B57C52C02244E24972614440A63ED54DB57C52C0B7B4B6947161444014F77058BF7C52C0FEB9692C5A614440ED5E04F8C87C52C005033A17466144404B47CC48CD7C52C088F459033D6144405740BA56CD7C52C02B49DCE43C614440AFADCFC8CD7C52C09D914FFF3B61444083E12283DA7C52C0B582586322614440733508D7DC7C52C025D9993720614440E3DBCF1EEA7C52C09EDBD1C6066144401A30AABEEC7C52C093CB8CD8F5604440F4DE4B1EF17C52C0D7253398EB6044408F1D6CFEF87C52C0290650A6DC604440C60B88DEFA7C52C0523B52DADA6044401FE1403BFC7C52C021E4B5E2D8604440A328698FFD7C52C041A5DEFBD6604440C77A972BFF7C52C0A6351CC6D4604440C874EA47007D52C04E7A9420D3604440E0E30DDB017D52C045957FA7D06044408186B53F037D52C0F14759C1CE60444067AC4C89047D52C0EA04C7D7CC604440D7043DEA057D52C0141CB09AC9604440CD49F504077D52C0CDCF3EEDC7604440BAD2AFE8077D52C09AA9D38BC66044405F87FBF8087D52C003A2B0D7C4604440B3D572320A7D52C0F27D8A78C2604440DD56D2720B7D52C017A61D73C0604440FE2A27810C7D52C02FEF8B34BF604440FF49BD120E7D52C04FF99576BD6044405F716924107D52C032B70863BB604440476563BF127D52C0A6B6C22FB86044402785CE68177D52C0DEF55DBAB1604440D27EDA01197D52C06C4F89C2AF6044408D8FF1FA197D52C04C9DC371AE604440B3576EDF1A7D52C0EB3E8111AD6044409F2885411F7D52C05F217522A3604440FBE22D69217D52C07E7D62979E604440DF9F56DB237D52C0BBF7F1159860444000023440247D52C0FFB19E1F97604440266257B7247D52C0F834CE27966044401EEA00F5257D52C0501ED107946044401B4B32EB267D52C06C67871792604440605CD109277D52C010EFB9BB91604440EEF57E1F277D52C07846F64A9160444037BF822E277D52C0E7B87D7A9060444084446F34277D52C0AE02011A8F60444041B6AE61277D52C0A8A2E5968D604440C3E8859B277D52C0BD74CB198D6044401BAB54EE277D52C06402D6BD8C6044403FBEB6D2297D52C0AC25ECFD8B604440D81846432A7D52C051902AAD8B604440AF2706C82A7D52C07DBF34F38A6044409DB1ED522D7D52C0075AF26684604440A473500B2F7D52C04DD99FE180604440CED1EE0A317D52C09A2CF82C7D60444045EDE1CD347D52C0FE3B9C3D756044404862B2A4377D52C0311D706D6E604440308C2B903C7D52C08B1CB1C8646044403DF5AC97407D52C01D084E075E604440E623F348427D52C00C1A6E935B60444030809957447D52C00054220058604440B6F1882C467D52C099928E74556044402771B229487D52C0493BBF4452604440721FCB81497D52C0091CCADB4E6044407CC5D8534A7D52C047EE47DF4C604440E4937DAD4B7D52C0D54792E549604440FEC55F174D7D52C02FC2DFA847604440C617F31B4F7D52C0D4C26BEA446044402D8673B1527D52C0CF3B1C814060444049970628547D52C0C38C67283D604440B6BF2FB6557D52C00DEB857B3A6044400F32C2C5587D52C0B30179D835604440C36B36A05B7D52C02475CA5B32604440F15A23275E7D52C0E44276D92F604440409F80765F7D52C0ED2AF8D72D6044403A1D62DE607D52C03787E2302C604440C00FCA10647D52C0EE338F552960444042A0FAD5677D52C0C9E5FD32276044406B22AC3D687D52C01013F8DD26604440EE1FF290687D52C04AFCF7A0266044403890DCE5687D52C08AA50D69266044406B102D49697D52C0F17F402F266044405E8755D8697D52C0309591E92560444025B7E4246A7D52C0A8FE9CCA2560444023BC09BE6A7D52C0418D49992560444065529A706B7D52C0912A3F74256044401BA5A5126C7D52C040D03865256044404F71D0136C7D52C0EDF21D652560444095905D146C7D52C0051F39652560444085F809AD6C7D52C07300A18325604440BA5A07D46D7D52C026F7FE1826604440FE38CF236F7D52C0FAFC94EF2660444033199DC86F7D52C0E8A3597A2760444035F9552E707D52C0AD078CF927604440B5A17D8E707D52C032D78BA928604440BD9BB3D6707D52C0EF7E335A296044405822E4C5717D52C0D46BB6482C604440E0072847727D52C07A78284C2E6044405F5C6704737D52C0AEE18E513260444024C7416B737D52C099BB00A235604440A2DC996D737D52C08D64D3EE366044400E702060737D52C01F47F5D637604440C7658848737D52C0412A3C8538604440083ABBEA727D52C017E6C33A3A604440599C9FCE727D52C09377B4B43A60444005E781CA727D52C0013631E23A6044404CE2C8CC727D52C0C736720B3B6044407D9B11DC727D52C0381862373B60444059C42DF5727D52C09219E45C3B604440D14D8D41737D52C032A8CDCC3B6044403BE031A0737D52C08A8B0E563C6044408B22DAC3737D52C0201CC4B33C604440FDCF30D2737D52C0C04FCE173D604440427103B7737D52C0ABFA798B3D604440AC704A8E737D52C079129FE23D604440C7645555727D52C072207CB83E6044408ED9D823727D52C0953295E63E604440CC54FB94717D52C03D8AA0A540604440AFE8D294717D52C0538FBFB24060444012D02998717D52C0741508BD40604440F4DB196F727D52C0EDD09F90416044409E09E87A727D52C05B4380C341604440280DC579727D52C0DCC959E241604440F75B9B6F727D52C01109350742604440EF0E7E3B727D52C0CEE4A64742604440EE305AEA717D52C0A462ED894260444087F2919B717D52C09E3852D04260444033E95814717D52C013C4D8BA4360444039EC8CE9707D52C0ED46092C4460444040B10EC2707D52C0ECC633BB44604440D3DE899D6F7D52C0721853D54C604440EF3E82D46D7D52C062F88DAB55604440713575836B7D52C040B0461C5E6044407C51E1296B7D52C00BC6533D5F6044406258281C697D52C01BD1897D64604440322532D7657D52C09C93FDA46A604440CC403940627D52C0EB23174A706044409D0460A4617D52C0CA7159837160444029B90931617D52C0F60906E47260444089ABFDC2607D52C0B352D0A374604440B35089B0607D52C0972FFDDD74604440C6C3349E607D52C0088CC90775604440F05C2588607D52C0969815317560444098FE7375607D52C05594B54A7560444071B77F50607D52C0E54FD76F75604440549B0FDD5F7D52C03E4DD3C1756044402E79B75C5E7D52C0781710C776604440C109BDD05D7D52C0A317675777604440104A755E5D7D52C0D380395878604440B48C26255D7D52C04F9DDBCB786044405ABF0E0C5D7D52C097A4CAFE78604440E0EE38EF5C7D52C0A4E2F128796044407FF543D25C7D52C0A0A8284B79604440665A02B25C7D52C0E7BFD961796044404F0665895C7D52C0339CFD75796044407399253B5C7D52C0FFC2F789796044400290D1E65A7D52C06ACC1EEA7960444053DAD9EC597D52C05AAF7F497A604440497E7BB4587D52C01A6721337B604440581F8A82577D52C0CE75BD5F7C6044404138AE9A567D52C0DCAF7F7D7D6044409ECF8B6E557D52C061673F7F7F604440D8100D54547D52C0F4F9F4F68160444045B16163537D52C07427F4BA84604440105507C8517D52C0920588518A60444088AF75F1507D52C0F783B6B18C604440A3D79E634F7D52C01F515EEB8F60444099FD3AA24C7D52C097E715459560444058B4AF204A7D52C00A06775E9A6044407393ADCA437D52C03CB41A4DAB604440F0861022417D52C0571BC69DB06044400F047026407D52C0C93CA868B2604440396E96C93E7D52C078FA19A0B46044408D9B6F523B7D52C0FDF348A1BA6044404A8FA04D347D52C090486659C66044406830AAF6317D52C0380ED183CA604440C38DC33E307D52C0CCF9A703CE604440F8F0D22B2F7D52C0BEF6CF76D0604440C285822C2D7D52C0311280CAD4604440E44C318D2B7D52C0572DBECDD86044407B68E7F1297D52C05AAD0BC9DD6044403400EBDD287D52C0A91F4693E0604440C92C7B27287D52C04E5BE4F1E26044403F4DD35E277D52C0D992ADEFE6604440833052F2267D52C0DA6EA050E9604440A6F47E8C267D52C00E331BDBED60444032307359267D52C0E27DE30EF060444093349660257D52C00835A487F36044406826AA84247D52C02110089CF66044409E0FE97F237D52C07B2DFE0FFA604440E92396DA227D52C00E3E4AF8FB6044407161F52B227D52C0E5E8E4E1FD60444018711E86217D52C0DF4F12B7FF6044402C000000D7FD5B20E97C52C0D0A77B62536144404E5CC055EA7C52C095B30BA9516144404604E539EB7C52C04DF2865A5061444038DBA7BCF47C52C0E804746842614440B144C86AF67C52C0054126F73F6144405E4DA137F77C52C0585FA7C53E61444098F31935F77C52C0A83F98BD3D6144402F03B3D9F77C52C03CF384E03C614440BDD3B426F97C52C09E5D3BDB3A6144409F0CFE24FA7C52C01EAD5B1C3961444073EDA9CEFA7C52C0A761B2D5376144408B867F45F47C52C00E4AC89E33614440C6407453F47C52C0516ABC3433614440EB511679F27C52C0A25FDA0232614440B82E4288F27C52C00881978F31614440C2B0B01CF07C52C029AE110030614440D094DC2BF07C52C0FAD1CE8C2F61444055772730EE7C52C0635A69452E614440783A8940EE7C52C0A790EDC82D614440BFE9A4B3EA7C52C0F996D37E2B614440000A5A47E67C52C01BC3A3063461444001F6042FE47C52C0834A20F131614440B98640F0DA7C52C0FD1D4D15446144400E0E06AADB7C52C074FAF2384B614440EBEB010BDD7C52C04DC365BC4A6144407247924CDE7C52C0AAE4353E516144405A3D1F62DE7C52C0E234B4955161444013CBC77ADE7C52C02CF5DAD6516144408FAAFF8EDE7C52C0965E65FB51614440CE46049FDE7C52C0E980CC0C526144405893784BDF7C52C0264ABFBA52614440F6C56973E17C52C019B549E9546144409E6535CCE17C52C0144AFB2B55614440551E6EFFE17C52C00AF5BF4955614440D040FC67E27C52C0CC277367556144400ADB24BFE27C52C0803F516D556144405A194C3AE37C52C07B302F6E556144405A991913E47C52C0D1734242556144400258F7A1E77C52C01738B68954614440D637E519E87C52C0AF089E54546144401C450B5CE87C52C0106BEE2C546144409566EEA5E87C52C0B3B3F8EA53614440015D3402E97C52C088C47C8753614440D7FD5B20E97C52C0D0A77B625361444005000000B5092DE7FB7C52C05BEBD18FDD6044402472FDB1FB7C52C0908F9655DD60444028EE9694FB7C52C02BDEB63BDD6044402372FDB1FB7C52C0908F9655DD604440B5092DE7FB7C52C05BEBD18FDD6044403A0000002912A4DA457D52C0D72FF5785E6044406BEFD784447D52C0942A84DF6060444086561465417D52C04C18748268604440D93547EC3F7D52C0525EF2276B6044403F06EB823D7D52C07BC2DEC06F604440EC89BA2B3B7D52C0BF5E526F7460444084D608E7387D52C05A1AA732796044407CBC8D942B7D52C093320DDE9560444060B8DCD0207D52C0E94B2608AD6044401E6FBCD11F7D52C044960011AF604440A01DDABE1E7D52C0613E0F02B160444041D32A991D7D52C03F1597D9B26044409D63B4611C7D52C009ADF395B4604440074333F61A7D52C00B037A5FB66044401AFCDC77197D52C090220004B860444068E4B266197D52C0B241DD18B86044403C57F657197D52C0B7F4A631B8604440C288094C197D52C0F666B84DB860444026DE3B43197D52C0CAB8566CB860444005F4C73D197D52C0D10FB68CB86044403218D23B197D52C027E4FEADB86044400858673D197D52C0599B53CFB860444078297D42197D52C0CE4BD6EFB86044403BB1F14A197D52C04382AE0EB960444036A48C56197D52C0D6E20E2BB960444049BE0065197D52C058803A44B96044405FDCED75197D52C0A9928959B9604440E8E009E21B7D52C0FD6DC2EDBB60444014A42649247D52C0C840FADFC4604440AEB03478297D52C0D0D5D564CA604440EA7170532A7D52C006A83D4ECB6044409611BD2E2C7D52C0AA094548CD60444087621B562E7D52C07B13841BC96044404E518EF32E7D52C02FBC51EAC7604440CFFD19243C7D52C0C0FBDE87AB604440D8954C183F7D52C0DE45782CA5604440177264B6407D52C08D051B9AA16044406698DE45427D52C0DDB6D2F89D6044405871C52A447D52C0622D8C4A99604440E5A95FF7457D52C0D5A94C86946044408EEEEB7C487D52C0858AE6998D6044408356776B4A7D52C04A2F82E187604440A0A5F7D44D7D52C014C813EF7E604440C60FF9F0517D52C0BEF2157B75604440129FFEF3557D52C0036425796E60444018247ABC517D52C0383CDE8869604440E8A741534E7D52C0FDD004D66560444032523CA4487D52C0027C96B85F60444034F4BCFD467D52C0AE75AB305E604440238BE9DD467D52C0FDE04B185E60444000ABF8BB467D52C0C698CB075E6044409A47C098467D52C0DF9D92FF5D60444004641E75467D52C018C5D4FF5D604440589CF351467D52C0736D90085E604440E39D1D30467D52C0678A8E195E604440CCB17110467D52C0E1FE63325E604440A47CB7F3457D52C0754074525E6044402912A4DA457D52C0D72FF5785E6044403F0000004DE53647167D52C08B2CB52D00614440EAB87A78107D52C051B69251FB6044405620AEB10F7D52C0912E1BABFA604440C22679EA0E7D52C008366B31FA6044407E7BA96A0E7D52C0941306F4F9604440BD7C3F210D7D52C08F92267CF96044402D975EE60C7D52C0FD1FAF6AF96044402B3FFB1B0C7D52C0735DDD3FF96044405F8DDDCF0B7D52C05ED59433F96044407B72248C0B7D52C0B3CDB439F96044406D787B500B7D52C00CCFF349F9604440B842E1180B7D52C076F9AF69F9604440F5B22A2E0A7D52C009F5A494FA604440DBBE1393097D52C0857D0D2CFB6044401C2967E7087D52C07BDA8488FB6044407816776D087D52C0AD458CA8FB6044400102C7CD077D52C0585C23BBFB6044406A557F1B077D52C012EB2716FC6044402A0D26F4067D52C05C6AD43FFC60444081409086077D52C0D9093514FD604440379AEB6D027D52C01F01E7BC03614440EA41DC7AFB7C52C02FCD75D10C614440E0523F04FB7C52C0CC1172670D6144408822C495F97C52C0DC8D99670F6144408201E520F87C52C061943BC1116144401FEF5855F77C52C0AC85FE1C13614440B8C8FCE7F67C52C0FB35F6EA13614440CEE99298F47C52C006FEC65918614440385AF9AFF77C52C0DE67EB5E1C61444016A251E1F77C52C0EC099D071C614440DFA53DA2F97C52C06924664F1E61444029A694D3F97C52C08AD015F81D6144407E244C8EFB7C52C04B20CA3720614440EB67A4BFFB7C52C032B57BE01F614440370FA452FD7C52C0F0A08BEC216144408850FC83FD7C52C0D32F3D95216144406A490455037D52C0A5CC8D2529614440B727BABF057D52C022BD0519276144409867B8AA057D52C0A06AFD9A266144406D4F4BE9057D52C003274C6926614440E947AA10077D52C0A90C9B4225614440A8590876077D52C074EF82D724614440436DAE74087D52C061DC89A5236144402719DD47097D52C0B21E1D6122614440862B54740A7D52C0E624754A20614440705D2CB00A7D52C0DCBF2FD71F614440FE7A7B10107D52C05965F97715614440AE07DA2C127D52C0EC7299651161444042377423147D52C097BFFD9B0D6144408BA71145177D52C09CBA518C0761444098153E5B177D52C0B03E5C5F076144405E769097177D52C0ACC71DBB066144400CE536C6177D52C0127D270006614440CC58C7E3177D52C01CB0392505614440708C8BE7177D52C0165F8D290461444084F1EFD7177D52C0C3DC5D7E0361444028E394B1177D52C0F0D38CC0026144408AB8F49B177D52C027921E660261444027C43169177D52C068F508DD01614440738C393E177D52C0461045750161444020E7F004177D52C0104CC00A016144403740A5C3167D52C0D5E261AE006144404DE53647167D52C08B2CB52D006144400A00000073E5356DE07C52C0CA41A71133614440DC6B02B4E77C52C07D466AC824614440692CCEF0DF7C52C0056977A31B6144404D1629D2D87C52C0E750AE072B6144406AC83000D67C52C09CF3D877316144408DF1AEC7D27C52C07C8014E5386144405D3D3693D97C52C07000E3BF40614440EA7FF2EFD97C52C0044F2CD53F6144401106E7CCDA7C52C0D295EA1D3E61444073E5356DE07C52C0CA41A711336144401A0000004BFEF0BBE87C52C0037176AF19614440E6679207E97C52C019F77E681961444010F0025DE97C52C0A3FB0A321961444036A57DB6E97C52C08B9C3505196144405A0BB228EA7C52C04D87F2E81861444001ACA090EA7C52C024CECADB18614440BF7B2B79EB7C52C0290E0BF5186144400508BB2DEC7C52C00782461D196144404BFFBED8EC7C52C00095B45C19614440407F676CED7C52C023497B931961444026E5040CF27C52C00F975C7810614440C4215DE0F27C52C027E7BDD60E614440973E4581ED7C52C0FB087E1B096144400FCD1503ED7C52C0D4C5D99408614440AD1393E3E87C52C09FFFCF9410614440660D87C3E87C52C04534F35F11614440D02AC484E87C52C0B877F7681261444083A06C1FE87C52C0905F0A42146144408EF01992E77C52C030E2F0D715614440C216A12BE77C52C0B4E352DC16614440CA2954ABE67C52C0A748EAF9176144403BC58203E67C52C048A7C74A19614440003D51D1E77C52C0A5B33F321B614440A5B53826E87C52C0443F3E701A614440DE27CC70E87C52C0F0A782041A6144404BFEF0BBE87C52C0037176AF1961444004000000F3BA50A9D27C52C0141C7E5865614440B23EB40ED17C52C0235C135B6361444011398C10D17C52C0F0E64F5967614440F3BA50A9D27C52C0141C7E58656144401B000000B90B6549D47C52C00AC3E7FE8F614440C9CE9219DA7C52C07FC68AB7836144408B57CC56DB7C52C0302D87AF806144406C387E0ADD7C52C077034BA87B614440322F9FBFDD7C52C0A29EBF0678614440F8038DBADA7C52C0C068166D6A61444005556E90D57C52C01CD22A9A64614440209631CBC27C52C044CEF2F77B614440188EA36BC77C52C06E18BED1806144401EC98C36C77C52C0F36DDF41816144405C371770C87C52C009F8978A82614440ED5AABFDC87C52C0047E905F81614440A928B70FCA7C52C0CF7BE27E8261444034D1B165CA7C52C0465F47C981614440600889FFCB7C52C03448F5768361444007C563C8CA7C52C0C5CF2908866144402516A6E2CE7C52C01D6B40558A614440EA127957CA7C52C09245107F946144407BA56595C97C52C0E5616BB693614440D6C02C56C87C52C0A0F173809661444035BF38F6C47C52C0A7723D0393614440AE77728FC57C52C04FB681AC91614440CFAA908FBE7C52C0C12BED6F8A614440EE8F5824B77C52C053907C3EA6614440B7854BE3C47C52C0C1AB9D74B4614440161FA0C2D27C52C01A4508E293614440B90B6549D47C52C00AC3E7FE8F61444005000000FB8F3B6C657C52C09F36B96C7D624440F04401284D7C52C0763FCF94676244401C1826F72D7C52C04B00A79EBA624440DAB6893B467C52C058FAC476D0624440FB8F3B6C657C52C09F36B96C7D624440
3,2570,1,3025700001,R8,R6,,,,,,,,,,,12C,,21588.1729043201,,3025700001,R8,R6,,,C2-4,,,,,,12C,,0106000020E6100000010000000103000000010000002800000050AFBBD2847D52C01E34540D0E5D44407C7D71C7847D52C057F57A840D5D444099BB112A857D52C078D561710D5D44407D7020FB847D52C0B40D19840A5D4440C69AB3EF857D52C029361980035D44401E76C677857D52C0BD1FF466035D44406F33688B857D52C0AAD9410D025D4440B3A92132867D52C0B726BA95F65C4440C63025BB857D52C0A61EEFCDF55C44408B2DA569827D52C042821269F65C4440A329BD417C7D52C0F8CCA259FD5C444038E7C46D787D52C0EBEBB9B9045D44408A2CB95A737D52C0ED0DEDA6055D44402C2B07F6727D52C052B739C1065D44409DEFF0D4737D52C0A311B145115D4440FFE17A67747D52C0E83C433B115D4440F5160D36757D52C05A843BFA1A5D4440C1A3D5956F7D52C06A711A111C5D4440BA06E8DD6E7D52C0C4548163135D44406A3945316E7D52C062A8EE84135D444024B908746D7D52C03CE3CB8E0A5D4440423A09535E7D52C0A7D5B07C0D5D4440FC6B48D85D7D52C0316CCDB1075D4440FFA916B26E7D52C033253685035D44405EC550176B7D52C0CC46C528F35C444027ED18AE6F7D52C09E7C4352F25C44401EA71E0D737D52C0052F789F015D444081E565987D7D52C0CA6088BCF55C4440E23E1EB07C7D52C07B5D33F2EF5C4440987CA18B8B7D52C051AD9C3BED5C4440D7E6078F8B7D52C0F3297C6CEB5C44408E6753878B7D52C05E6AF56BEB5C44400A23078C8B7D52C0EC72EA30E95C4440A0A0706A987D52C013D1494EF25C4440F8EB7F68A27D52C0BDA155ABF95C444096AE0EC5A37D52C06FB2FE0E085D444073C28BB69D7D52C04DC44D3B095D4440556EFB58897D52C0B7E0042D0D5D444045781707877D52C0DE1108A00D5D444050AFBBD2847D52C01E34540D0E5D4440
